Fecha;PM2.5(µg/m³);PM1(µg/m³);SO2(µg/m³);NO(µg/m³);NO2(µg/m³);PM10(µg/m³);NOx(µg/m³);Ozono(µg/m³)
01/01/2014;1;1;0;4;13;1;19;55
02/01/2014;2;1;0;6;25;2;34;46
03/01/2014;2;1;1;11;39;3;55;33
04/01/2014;1;1;;2;11;4;15;57
05/01/2014;2;1;;0;4;2;4;60
06/01/2014;2;1;1;13;25;2;44;44
07/01/2014;8;6;3;52;66;12;145;23
08/01/2014;12;11;4;68;56;16;161;28
09/01/2014;27;26;3;24;50;30;87;18
10/01/2014;29;27;2;9;56;32;71;13
11/01/2014;20;19;1;19;59;22;87;13
12/01/2014;18;17;1;20;39;19;69;22
13/01/2014;8;7;0;7;46;9;57;25
14/01/2014;2;1;1;5;32;3;40;41
15/01/2014;3;3;3;15;31;5;54;30
16/01/2014;4;3;;21;37;5;70;28
17/01/2014;4;3;;5;31;6;38;35
18/01/2014;5;5;;5;35;6;43;28
19/01/2014;2;1;;1;16;2;18;48
20/01/2014;1;1;;2;17;3;20;52
21/01/2014;3;2;;2;27;4;29;40
22/01/2014;6;5;;24;45;7;81;23
23/01/2014;4;3;;23;55;6;91;27
24/01/2014;3;2;;2;30;5;33;46
25/01/2014;1;1;;3;13;2;17;51
26/01/2014;1;1;;2;15;2;18;45
27/01/2014;2;1;;1;10;4;12;56
28/01/2014;2;1;;1;11;4;12;57
29/01/2014;2;1;;1;18;3;20;57
30/01/2014;2;1;;4;21;4;28;48
31/01/2014;5;4;;3;30;10;34;36
01/02/2014;4;4;;2;10;7;13;44
02/02/2014;2;1;;0;7;4;7;56
03/02/2014;5;4;;3;24;10;29;38
04/02/2014;6;4;;9;35;11;49;45
05/02/2014;6;3;;6;29;15;39;51
06/02/2014;10;6;;7;33;15;43;43
07/02/2014;3;2;;0;9;9;10;57
08/02/2014;4;2;;0;3;10;4;62
09/02/2014;5;4;;0;5;7;5;60
10/02/2014;2;1;;1;13;3;14;60
11/02/2014;3;2;;3;26;5;31;49
12/02/2014;4;3;;;;6;;39
13/02/2014;2;1;;;;4;;38
14/02/2014;3;2;;7;25;5;36;36
15/02/2014;8;6;;10;33;12;48;35
16/02/2014;6;5;;0;14;8;14;37
17/02/2014;9;7;;6;18;10;27;34
18/02/2014;17;14;;24;51;27;88;23
19/02/2014;14;8;;19;53;34;82;26
20/02/2014;7;6;;6;31;15;41;35
21/02/2014;5;4;;2;18;8;21;45
22/02/2014;4;3;;1;11;8;12;55
23/02/2014;7;5;;2;13;10;17;52
24/02/2014;11;8;;2;20;16;24;58
25/02/2014;7;5;;4;25;14;31;47
26/02/2014;7;4;;3;29;12;33;51
27/02/2014;6;4;;9;50;11;64;30
28/02/2014;6;3;;2;22;18;25;51
01/03/2014;5;4;0;5;33;8;41;39
02/03/2014;6;4;0;4;22;8;28;38
03/03/2014;2;1;0;1;8;11;9;67
04/03/2014;3;2;1;1;16;6;18;58
05/03/2014;5;4;3;5;27;9;34;44
06/03/2014;11;8;5;13;34;16;54;42
07/03/2014;15;12;5;5;44;23;52;49
08/03/2014;18;16;4;4;39;25;46;60
09/03/2014;23;19;1;2;33;28;36;64
10/03/2014;15;12;4;14;55;30;76;42
11/03/2014;16;13;5;18;47;26;74;53
12/03/2014;26;22;0;1;29;31;31;58
13/03/2014;18;15;0;4;31;22;37;57
14/03/2014;23;20;3;22;62;32;97;37
15/03/2014;30;26;8;10;63;41;79;50
16/03/2014;23;19;7;6;57;35;66;45
17/03/2014;18;15;17;16;50;27;73;50
18/03/2014;28;23;4;22;42;37;75;52
19/03/2014;32;27;3;6;38;39;46;50
20/03/2014;30;25;4;23;41;42;77;47
21/03/2014;29;24;2;9;46;36;60;43
22/03/2014;17;13;0;2;27;25;30;40
23/03/2014;3;2;0;0;14;6;15;62
24/03/2014;4;3;3;;;9;;55
25/03/2014;4;2;1;;;10;;73
26/03/2014;2;1;0;1;14;6;15;70
27/03/2014;6;3;3;3;24;14;28;69
28/03/2014;9;5;4;3;17;15;22;74
29/03/2014;19;11;0;0;4;26;5;86
30/03/2014;23;15;0;1;13;33;14;66
31/03/2014;24;18;4;17;32;32;58;59
01/04/2014;19;15;2;9;31;25;45;65
02/04/2014;24;15;1;2;33;33;36;58
03/04/2014;6;4;0;5;25;7;32;59
04/04/2014;2;1;1;2;12;6;15;80
05/04/2014;3;2;0;8;21;6;34;65
06/04/2014;6;4;2;9;24;9;38;60
07/04/2014;12;10;3;8;26;15;38;63
08/04/2014;24;21;1;1;13;27;15;71
09/04/2014;15;13;3;4;23;19;28;72
10/04/2014;17;12;6;6;29;23;40;60
11/04/2014;19;14;4;6;26;25;35;68
12/04/2014;21;17;1;3;19;27;24;72
13/04/2014;14;11;6;1;23;19;25;74
14/04/2014;14;12;2;3;26;18;30;67
15/04/2014;19;16;4;10;36;26;51;70
16/04/2014;16;13;1;2;14;19;17;91
17/04/2014;13;9;2;2;16;17;18;85
18/04/2014;18;14;4;2;24;23;28;71
19/04/2014;11;8;1;;;20;;82
20/04/2014;9;7;0;;;15;;79
21/04/2014;7;5;1;0;11;10;12;68
22/04/2014;5;3;2;3;22;8;26;58
23/04/2014;11;8;2;9;40;15;53;57
24/04/2014;14;11;1;12;28;19;45;65
25/04/2014;3;2;1;0;21;7;22;82
26/04/2014;3;2;0;1;14;5;16;67
27/04/2014;6;3;1;;;11;;76
28/04/2014;10;7;1;;;16;;66
29/04/2014;7;5;2;6;5;11;15;57
30/04/2014;9;7;1;4;20;13;27;61
01/05/2014;6;4;2;2;17;10;19;65
02/05/2014;5;3;2;2;20;11;23;62
03/05/2014;5;3;3;1;24;8;26;70
04/05/2014;6;4;1;1;10;10;11;81
05/05/2014;11;8;1;2;15;16;18;78
06/05/2014;11;7;1;4;21;15;27;73
07/05/2014;13;10;1;3;19;16;24;73
08/05/2014;11;8;1;2;15;13;18;81
09/05/2014;19;15;1;6;25;23;34;64
10/05/2014;11;8;1;3;22;17;27;70
11/05/2014;10;7;1;0;7;13;8;78
12/05/2014;9;5;1;1;12;12;14;72
13/05/2014;8;5;1;1;13;11;15;72
14/05/2014;7;4;1;1;10;11;11;70
15/05/2014;7;5;1;1;10;12;11;70
16/05/2014;7;4;1;1;8;12;9;94
17/05/2014;8;6;1;2;11;10;13;91
18/05/2014;7;5;3;1;15;10;17;84
19/05/2014;9;6;1;4;26;14;33;83
20/05/2014;13;9;0;1;15;16;16;87
21/05/2014;10;6;1;2;20;19;22;85
22/05/2014;3;1;1;2;13;8;16;76
23/05/2014;5;3;1;3;24;10;29;69
24/05/2014;7;4;0;1;9;11;10;80
25/05/2014;8;5;1;1;10;10;12;83
26/05/2014;9;7;0;2;16;12;20;72
27/05/2014;7;5;1;3;17;8;22;70
28/05/2014;8;6;1;2;20;10;23;71
29/05/2014;5;4;1;3;18;7;24;64
30/05/2014;7;6;1;3;18;10;24;65
31/05/2014;6;6;1;1;14;7;15;65
01/06/2014;6;5;1;0;12;7;13;74
02/06/2014;9;8;1;2;15;12;18;82
03/06/2014;12;10;1;3;21;15;26;86
04/06/2014;16;13;1;2;18;20;21;90
05/06/2014;10;6;0;1;9;13;10;77
06/06/2014;13;10;0;1;11;15;13;72
07/06/2014;18;15;0;1;11;19;13;77
08/06/2014;17;14;0;1;6;19;7;89
09/06/2014;18;15;0;1;8;21;10;76
10/06/2014;15;13;0;2;12;17;14;69
11/06/2014;11;10;2;5;22;14;29;66
12/06/2014;11;10;2;4;40;17;46;66
13/06/2014;14;12;3;5;40;20;48;71
14/06/2014;14;12;1;2;25;18;29;75
15/06/2014;8;5;0;0;9;14;9;97
16/06/2014;;;1;1;11;;13;85
17/06/2014;10;7;1;3;20;16;24;74
18/06/2014;10;7;1;1;13;14;15;82
19/06/2014;7;5;1;1;10;10;11;86
20/06/2014;11;8;2;3;20;14;24;74
21/06/2014;8;6;1;4;18;12;24;77
22/06/2014;13;10;1;2;10;17;13;67
23/06/2014;16;12;1;2;12;19;15;59
24/06/2014;;;1;2;27;;30;63
25/06/2014;;;1;2;36;;38;56
26/06/2014;;;1;9;39;;52;68
27/06/2014;;;1;4;24;;30;75
28/06/2014;;;1;2;17;;20;72
29/06/2014;;;1;1;14;;16;58
30/06/2014;;;1;2;12;;16;52
01/07/2014;19;11;1;5;17;31;24;60
02/07/2014;17;9;1;3;11;27;15;65
03/07/2014;20;9;1;3;9;28;13;63
04/07/2014;8;5;1;4;29;15;34;59
05/07/2014;12;7;2;3;30;28;35;67
06/07/2014;12;8;2;2;28;21;31;62
07/07/2014;10;5;1;2;14;22;17;56
08/07/2014;9;5;2;5;17;17;24;53
09/07/2014;9;6;1;4;13;18;19;56
10/07/2014;6;4;1;2;14;16;17;64
11/07/2014;10;6;2;5;25;21;33;57
12/07/2014;10;7;1;3;16;17;19;55
13/07/2014;12;8;1;3;10;21;14;53
14/07/2014;13;9;1;4;14;19;20;52
15/07/2014;13;9;1;3;16;21;20;49
16/07/2014;10;7;1;3;18;17;22;53
17/07/2014;10;7;1;5;24;18;32;49
18/07/2014;12;7;1;2;12;20;15;56
19/07/2014;19;11;1;3;18;33;21;58
20/07/2014;4;2;1;1;11;11;13;70
21/07/2014;7;3;1;3;17;17;22;60
22/07/2014;8;4;1;6;23;18;32;57
23/07/2014;9;5;1;5;21;17;28;50
24/07/2014;9;5;1;2;14;16;18;60
25/07/2014;11;7;1;1;14;18;16;65
26/07/2014;11;8;1;1;14;19;15;71
27/07/2014;14;10;1;1;13;22;14;69
28/07/2014;17;12;1;3;19;27;23;62
29/07/2014;12;7;1;1;15;28;17;59
30/07/2014;8;4;1;4;23;23;29;56
31/07/2014;11;6;1;5;20;22;28;61
01/08/2014;15;9;1;2;19;26;22;61
02/08/2014;20;13;1;1;17;37;18;69
03/08/2014;17;12;1;;;26;;
04/08/2014;17;11;1;2;12;27;15;54
05/08/2014;15;10;1;2;11;24;13;49
06/08/2014;16;11;1;4;17;26;22;39
07/08/2014;14;9;1;3;12;22;17;44
08/08/2014;12;8;1;3;10;19;15;57
09/08/2014;14;8;1;3;11;23;15;55
10/08/2014;16;10;1;4;18;29;23;52
11/08/2014;19;13;1;2;15;28;18;48
12/08/2014;16;10;1;2;15;27;19;58
13/08/2014;11;6;1;4;14;29;20;62
14/08/2014;6;3;2;3;15;21;19;66
15/08/2014;9;4;1;1;8;20;9;63
16/08/2014;8;5;2;1;15;16;17;69
17/08/2014;9;5;1;3;10;19;14;67
18/08/2014;9;5;1;4;19;16;25;62
19/08/2014;10;6;1;2;19;18;22;64
20/08/2014;14;9;1;2;13;25;16;63
21/08/2014;12;7;1;3;7;20;11;67
22/08/2014;16;10;1;3;10;24;14;63
23/08/2014;8;5;1;2;10;16;13;66
24/08/2014;13;7;1;3;15;23;19;58
25/08/2014;13;7;1;4;17;22;22;54
26/08/2014;13;7;1;6;36;30;45;59
27/08/2014;15;9;1;3;24;24;29;58
28/08/2014;14;10;1;2;17;22;20;58
29/08/2014;14;10;1;2;14;21;17;57
30/08/2014;10;6;1;2;13;17;16;60
31/08/2014;8;4;1;1;11;13;13;58
01/09/2014;11;7;1;9;25;19;39;48
02/09/2014;10;6;1;5;17;16;25;54
03/09/2014;12;8;1;3;17;20;21;53
04/09/2014;13;9;1;3;19;20;23;58
05/09/2014;14;10;1;3;17;23;22;62
06/09/2014;19;14;1;2;18;29;22;51
07/09/2014;15;11;1;2;10;23;13;57
08/09/2014;10;7;1;8;20;16;34;49
09/09/2014;12;9;1;3;17;18;22;51
10/09/2014;17;11;1;5;23;30;31;50
11/09/2014;10;6;2;12;46;28;64;50
12/09/2014;8;4;2;14;37;21;59;62
13/09/2014;12;8;1;2;16;19;20;68
14/09/2014;13;9;1;1;11;20;13;66
15/09/2014;14;10;1;4;27;23;33;53
16/09/2014;11;7;1;1;19;18;21;62
17/09/2014;11;6;2;4;32;24;39;49
18/09/2014;6;3;3;6;35;14;43;45
19/09/2014;6;3;3;5;27;14;35;59
20/09/2014;8;5;3;3;20;17;24;57
21/09/2014;10;6;3;2;12;19;14;59
22/09/2014;8;5;3;2;20;14;22;51
23/09/2014;10;7;3;10;40;17;55;38
24/09/2014;11;9;3;12;32;15;50;45
25/09/2014;17;15;3;4;22;22;28;57
26/09/2014;27;24;3;12;56;33;74;34
27/09/2014;17;15;3;2;22;22;24;67
28/09/2014;12;10;3;2;12;15;14;70
29/09/2014;12;9;3;6;26;15;35;47
30/09/2014;11;8;3;9;26;14;39;50
01/10/2014;11;8;3;4;25;15;30;51
02/10/2014;11;9;3;5;36;15;41;42
03/10/2014;10;8;3;10;32;13;46;53
04/10/2014;15;12;3;7;33;19;43;51
05/10/2014;13;10;3;2;15;19;16;62
06/10/2014;16;12;3;6;45;24;53;46
07/10/2014;10;8;3;6;50;21;59;36
08/10/2014;9;6;3;17;51;17;76;30
09/10/2014;11;8;3;4;38;18;43;39
10/10/2014;10;8;3;16;38;17;62;28
11/10/2014;4;3;3;5;21;6;27;37
12/10/2014;3;2;3;2;16;5;18;47
13/10/2014;4;2;3;4;31;7;36;43
14/10/2014;5;3;3;3;34;9;38;40
15/10/2014;3;2;3;5;26;7;33;37
16/10/2014;5;4;3;5;25;10;33;29
17/10/2014;9;6;3;11;38;16;54;25
18/10/2014;16;13;3;14;46;21;68;23
19/10/2014;21;17;3;5;31;28;37;26
20/10/2014;25;15;3;22;65;43;98;
21/10/2014;22;10;4;58;76;60;166;
22/10/2014;9;4;3;4;26;29;30;
23/10/2014;10;6;4;32;76;26;125;
24/10/2014;10;5;4;35;77;28;130;
25/10/2014;11;7;6;14;59;23;80;
26/10/2014;13;8;3;4;19;21;26;
27/10/2014;13;9;3;8;27;19;39;
28/10/2014;17;14;3;9;35;24;48;
29/10/2014;23;19;3;24;41;31;77;
30/10/2014;26;22;3;14;48;34;70;
31/10/2014;21;17;3;8;36;26;48;
01/11/2014;21;18;3;5;28;25;36;
02/11/2014;18;16;3;4;34;21;39;
03/11/2014;12;10;3;13;49;21;68;
04/11/2014;3;2;3;4;29;6;33;54
05/11/2014;5;4;3;2;20;6;22;52
06/11/2014;4;3;3;9;34;7;47;48
07/11/2014;7;6;3;4;29;9;33;37
08/11/2014;7;6;3;11;34;11;50;42
09/11/2014;3;2;3;3;19;3;21;53
10/11/2014;5;4;3;10;44;9;59;32
11/11/2014;11;9;3;27;56;13;96;22
12/11/2014;4;3;3;6;38;5;46;40
13/11/2014;5;4;3;7;41;7;51;36
14/11/2014;5;5;3;19;46;8;74;32
15/11/2014;3;2;3;2;15;4;18;60
16/11/2014;3;2;3;3;10;4;14;59
17/11/2014;5;4;3;7;35;8;44;46
18/11/2014;6;5;3;18;57;11;84;32
19/11/2014;13;11;4;31;52;17;99;31
20/11/2014;17;14;3;20;45;21;75;41
21/11/2014;21;18;3;26;54;28;94;34
22/11/2014;26;21;3;19;41;33;70;29
23/11/2014;23;17;3;5;25;29;32;33
24/11/2014;19;11;3;17;38;31;64;27
25/11/2014;25;14;3;24;44;41;80;26
26/11/2014;7;5;3;23;52;12;86;32
27/11/2014;12;9;3;23;43;18;77;30
28/11/2014;11;7;3;11;36;16;52;42
29/11/2014;7;3;3;4;20;12;25;58
30/11/2014;17;7;3;7;27;23;36;45
01/12/2014;9;5;3;20;24;13;54;35
02/12/2014;4;3;3;7;32;7;42;26
03/12/2014;6;5;3;;;9;;15
04/12/2014;13;10;3;43;58;19;125;7
05/12/2014;6;5;3;11;34;8;50;22
06/12/2014;3;2;3;3;19;4;21;44
07/12/2014;2;2;3;2;20;3;20;56
08/12/2014;3;3;3;5;32;4;39;37
09/12/2014;2;1;3;2;12;4;14;57
10/12/2014;10;8;5;69;74;21;179;24
11/12/2014;9;7;4;53;66;14;147;17
12/12/2014;12;10;3;32;58;17;107;16
13/12/2014;14;11;3;4;42;19;47;31
14/12/2014;16;12;3;11;34;21;49;29
15/12/2014;5;4;3;9;43;6;56;31
16/12/2014;5;3;3;11;42;7;58;23
17/12/2014;5;4;3;25;59;8;98;22
18/12/2014;9;7;3;43;64;14;129;10
19/12/2014;16;15;4;53;56;20;137;7
20/12/2014;22;21;3;44;50;25;118;9
21/12/2014;11;10;3;26;46;12;87;10
22/12/2014;18;17;3;46;60;22;130;8
23/12/2014;18;16;4;44;70;22;137;
24/12/2014;16;15;3;20;47;18;77;
25/12/2014;16;15;3;13;44;18;63;
26/12/2014;9;7;4;36;56;11;111;
27/12/2014;7;6;3;5;30;11;37;
28/12/2014;6;4;3;2;7;10;8;
29/12/2014;5;4;3;7;32;10;42;
30/12/2014;9;7;5;49;70;15;146;
31/12/2014;11;9;3;30;64;15;110;
01/01/2015;15;13;3;19;46;18;74;28
02/01/2015;14;12;4;38;72;18;130;20
03/01/2015;12;11;3;23;73;16;107;17
04/01/2015;13;12;4;18;50;15;77;28
05/01/2015;18;16;3;24;58;20;95;24
06/01/2015;26;24;3;9;45;27;59;28
07/01/2015;23;21;3;27;53;26;94;22
08/01/2015;28;25;4;39;60;32;120;18
09/01/2015;20;18;5;62;81;27;176;16
10/01/2015;12;10;4;46;71;17;141;17
11/01/2015;12;11;4;41;55;16;117;16
12/01/2015;14;12;4;37;63;19;120;
13/01/2015;21;18;4;33;65;27;116;
14/01/2015;16;14;3;19;58;21;88;
15/01/2015;15;13;4;24;64;23;100;33
16/01/2015;6;4;3;6;33;11;41;55
17/01/2015;6;5;3;5;26;8;32;58
18/01/2015;8;7;3;4;31;9;36;49
19/01/2015;6;6;3;8;40;7;52;32
20/01/2015;7;6;4;32;61;12;110;28
21/01/2015;7;6;3;16;35;9;60;37
22/01/2015;3;2;3;4;22;4;26;55
23/01/2015;3;2;3;3;19;4;22;65
24/01/2015;4;3;3;6;35;6;44;51
25/01/2015;5;3;3;13;41;10;60;60
26/01/2015;11;8;5;41;77;20;139;31
27/01/2015;9;7;4;23;44;14;79;
28/01/2015;7;5;3;18;51;10;78;
29/01/2015;8;6;3;6;34;17;44;
30/01/2015;4;1;3;3;9;19;13;61
31/01/2015;2;1;3;3;12;2;16;70
01/02/2015;1;1;3;4;14;2;19;70
02/02/2015;5;4;3;5;28;6;36;49
03/02/2015;2;1;3;3;22;4;24;63
04/02/2015;3;2;3;2;16;4;17;69
05/02/2015;4;3;3;2;10;11;13;69
06/02/2015;4;3;3;8;33;7;45;53
07/02/2015;13;11;3;13;52;16;72;23
08/02/2015;10;9;3;6;27;13;35;48
09/02/2015;13;10;3;10;37;18;52;53
10/02/2015;11;9;3;20;35;16;65;70
11/02/2015;13;10;3;3;38;18;41;64
12/02/2015;17;15;3;12;63;21;81;37
13/02/2015;11;9;3;18;61;15;89;33
14/02/2015;6;5;3;3;26;7;30;61
15/02/2015;3;2;3;3;23;3;25;59
16/02/2015;5;4;3;14;39;8;60;53
17/02/2015;9;6;3;5;31;16;39;56
18/02/2015;11;7;3;9;32;29;46;59
19/02/2015;18;15;3;8;44;23;55;59
20/02/2015;19;16;3;10;45;28;60;53
21/02/2015;11;10;3;3;21;13;24;
22/02/2015;2;2;3;2;14;4;17;
23/02/2015;4;3;3;7;32;7;43;
24/02/2015;2;1;3;4;16;4;21;
25/02/2015;2;1;3;3;16;5;21;
26/02/2015;3;2;3;7;31;6;41;
27/02/2015;2;1;3;3;11;8;15;78
28/02/2015;6;4;3;11;42;9;58;61
01/03/2015;4;4;3;3;28;6;32;49
02/03/2015;5;4;3;6;36;9;44;36
03/03/2015;9;6;3;9;31;12;45;49
04/03/2015;17;14;3;8;31;26;42;53
05/03/2015;4;2;3;18;46;12;73;65
06/03/2015;8;5;3;16;57;15;82;43
07/03/2015;10;8;4;10;43;17;57;55
08/03/2015;16;13;3;4;28;19;32;68
09/03/2015;20;18;4;15;51;25;74;52
10/03/2015;24;21;3;12;57;30;75;49
11/03/2015;36;32;4;25;75;44;113;39
12/03/2015;26;24;3;18;53;34;80;62
13/03/2015;33;30;3;5;36;37;44;69
14/03/2015;11;9;3;5;27;14;34;62
15/03/2015;8;7;3;4;14;9;20;78
16/03/2015;12;11;3;6;25;13;34;75
17/03/2015;17;15;3;11;35;20;52;82
18/03/2015;11;9;3;3;19;15;23;100
19/03/2015;18;15;3;3;5;22;9;117
20/03/2015;18;14;3;3;7;22;10;112
21/03/2015;11;6;3;3;14;15;16;88
22/03/2015;6;4;3;3;19;8;22;81
23/03/2015;13;8;3;3;16;17;21;93
24/03/2015;11;7;3;4;16;15;22;89
25/03/2015;2;1;3;4;16;3;22;88
26/03/2015;3;2;3;15;42;6;64;76
27/03/2015;2;2;3;12;25;5;42;73
28/03/2015;4;3;3;11;36;8;52;68
29/03/2015;6;5;3;4;28;9;33;73
30/03/2015;5;3;3;17;54;16;78;61
31/03/2015;7;5;3;22;61;16;94;61
01/04/2015;8;6;3;9;40;13;53;68
02/04/2015;11;7;3;5;37;16;44;57
03/04/2015;18;14;3;6;27;21;34;58
04/04/2015;13;11;3;2;26;16;27;60
05/04/2015;10;8;3;3;19;12;22;63
06/04/2015;7;5;3;3;16;9;20;84
07/04/2015;10;7;3;4;23;14;28;80
08/04/2015;6;4;3;5;17;11;24;94
09/04/2015;8;6;3;3;23;11;27;83
10/04/2015;9;7;3;6;32;12;40;79
11/04/2015;17;13;3;4;32;21;37;72
12/04/2015;17;14;3;2;15;21;18;88
13/04/2015;12;10;3;2;20;16;22;92
14/04/2015;16;14;3;12;42;23;61;58
15/04/2015;18;13;3;4;37;26;42;65
16/04/2015;15;11;3;15;44;22;67;54
17/04/2015;8;6;3;6;30;12;38;68
18/04/2015;15;13;3;;;18;;74
19/04/2015;4;2;3;;;8;;84
20/04/2015;6;4;3;;;10;;72
21/04/2015;8;7;3;3;14;10;17;77
22/04/2015;11;9;3;3;17;14;21;77
23/04/2015;15;12;3;11;26;21;42;64
24/04/2015;22;18;3;8;26;30;38;68
25/04/2015;21;17;3;4;21;30;25;63
26/04/2015;8;6;3;2;17;18;19;65
27/04/2015;2;1;3;2;11;8;13;79
28/04/2015;5;3;3;4;15;11;19;72
29/04/2015;10;7;3;4;16;16;21;75
30/04/2015;17;14;3;3;14;21;18;75
01/05/2015;12;10;3;3;20;18;22;62
02/05/2015;11;8;3;5;22;16;28;69
03/05/2015;15;12;3;5;28;22;34;70
04/05/2015;17;14;3;2;10;21;13;96
05/05/2015;7;5;3;2;16;17;19;64
06/05/2015;9;6;3;3;19;17;22;73
07/05/2015;12;10;3;2;15;17;17;76
08/05/2015;13;9;3;4;27;26;32;56
09/05/2015;13;9;3;2;18;20;20;71
10/05/2015;12;8;3;2;11;16;13;74
11/05/2015;7;5;3;6;21;11;28;70
12/05/2015;12;10;3;9;25;19;39;68
13/05/2015;16;13;3;9;26;23;38;62
14/05/2015;20;11;3;;;58;;55
15/05/2015;6;3;3;2;13;21;15;80
16/05/2015;3;2;3;2;15;8;16;84
17/05/2015;5;3;3;2;15;9;17;70
18/05/2015;7;4;3;5;19;13;25;66
19/05/2015;8;6;3;2;11;12;13;67
20/05/2015;4;3;3;3;11;6;15;71
21/05/2015;3;2;3;2;11;5;14;79
22/05/2015;5;3;3;2;12;8;14;78
23/05/2015;6;4;3;2;12;10;14;80
24/05/2015;6;5;3;2;9;8;11;85
25/05/2015;7;6;3;4;22;11;26;70
26/05/2015;7;6;3;5;17;11;23;65
27/05/2015;8;7;3;3;13;12;16;75
28/05/2015;12;9;3;3;15;17;18;83
29/05/2015;9;7;3;2;13;12;15;89
30/05/2015;11;9;3;3;12;13;15;83
31/05/2015;8;6;3;2;11;9;13;86
01/06/2015;10;8;3;2;11;13;12;82
02/06/2015;12;9;3;2;12;15;14;78
03/06/2015;9;8;3;4;17;13;22;79
04/06/2015;9;7;3;8;23;17;33;72
05/06/2015;11;9;3;4;20;16;25;72
06/06/2015;10;8;3;2;19;14;22;71
07/06/2015;7;6;3;2;15;10;17;74
08/06/2015;7;6;3;4;28;15;34;81
09/06/2015;12;10;3;6;27;18;35;88
10/06/2015;12;10;3;2;11;15;13;100
11/06/2015;18;15;3;2;12;24;12;82
12/06/2015;13;10;3;3;17;20;20;78
13/06/2015;13;9;3;2;11;18;13;76
14/06/2015;6;4;3;2;12;9;14;74
15/06/2015;6;5;3;3;13;10;16;75
16/06/2015;4;4;6;3;23;6;27;72
17/06/2015;8;6;;4;23;11;28;65
18/06/2015;8;6;4;5;26;12;32;65
19/06/2015;9;6;3;5;24;14;31;82
20/06/2015;9;7;8;2;13;14;15;70
21/06/2015;12;9;6;2;13;17;15;75
22/06/2015;9;6;9;5;17;15;23;75
23/06/2015;7;5;5;4;29;13;35;76
24/06/2015;7;5;;3;10;11;13;86
25/06/2015;8;6;4;3;16;13;19;77
26/06/2015;8;6;9;4;23;14;28;82
27/06/2015;13;9;5;2;18;18;21;84
28/06/2015;12;9;12;2;18;15;20;82
29/06/2015;11;9;3;2;13;14;15;85
30/06/2015;9;7;3;4;23;13;28;79
01/07/2015;11;9;7;5;20;15;26;63
02/07/2015;12;8;4;3;19;18;22;77
03/07/2015;12;9;6;2;11;17;13;87
04/07/2015;11;9;4;2;14;14;16;87
05/07/2015;12;10;4;6;15;15;23;94
06/07/2015;17;15;4;10;26;22;40;80
07/07/2015;14;12;3;9;37;21;51;72
08/07/2015;14;11;3;2;17;18;20;74
09/07/2015;12;8;3;2;12;17;15;75
10/07/2015;11;7;3;2;15;16;17;68
11/07/2015;10;8;3;2;10;13;12;70
12/07/2015;9;7;6;2;15;11;17;71
13/07/2015;19;15;5;3;16;24;20;62
14/07/2015;19;14;6;3;16;28;20;60
15/07/2015;17;12;3;2;17;26;19;73
16/07/2015;14;10;3;3;22;22;24;80
17/07/2015;15;11;3;4;23;23;28;74
18/07/2015;18;14;4;2;12;25;14;70
19/07/2015;18;14;3;3;17;26;21;56
20/07/2015;22;17;8;3;16;29;20;57
21/07/2015;26;21;4;4;17;37;21;57
22/07/2015;11;8;4;;;20;;69
23/07/2015;11;8;3;;;18;;59
24/07/2015;26;21;6;4;23;34;27;69
25/07/2015;14;7;6;2;14;27;15;70
26/07/2015;23;12;3;2;11;37;12;61
27/07/2015;18;11;3;3;19;28;22;59
28/07/2015;18;12;4;2;13;29;15;65
29/07/2015;21;15;5;2;10;29;12;58
30/07/2015;13;6;5;2;14;22;16;58
31/07/2015;15;7;5;2;11;27;13;63
01/08/2015;7;4;8;2;12;15;14;85
02/08/2015;9;5;4;2;13;15;14;
03/08/2015;13;8;;4;18;23;23;62
04/08/2015;11;6;;3;17;22;20;69
05/08/2015;14;10;;3;14;21;16;66
06/08/2015;15;12;;2;11;21;13;66
07/08/2015;16;12;;5;22;26;29;58
08/08/2015;15;7;;2;17;25;19;53
09/08/2015;11;5;;2;13;22;15;57
10/08/2015;10;6;;3;16;17;20;65
11/08/2015;16;10;;3;19;25;21;60
12/08/2015;16;9;;3;12;26;15;62
13/08/2015;6;3;;3;22;16;25;59
14/08/2015;3;1;;3;19;11;23;69
15/08/2015;4;2;;2;10;12;11;67
16/08/2015;6;4;;2;15;12;17;63
17/08/2015;10;5;;3;22;19;25;61
18/08/2015;9;4;;2;14;16;15;67
19/08/2015;6;4;;2;14;11;17;69
20/08/2015;11;7;;3;15;19;18;70
21/08/2015;11;7;;2;18;21;20;70
22/08/2015;9;6;;2;13;16;15;73
23/08/2015;5;3;;2;14;12;16;59
24/08/2015;3;2;3;2;14;11;15;66
25/08/2015;7;3;3;3;14;18;17;73
26/08/2015;9;4;3;3;16;18;18;69
27/08/2015;10;4;3;5;17;19;23;62
28/08/2015;9;5;3;5;18;16;25;66
29/08/2015;10;7;3;2;14;15;16;63
30/08/2015;14;9;3;2;12;22;14;61
31/08/2015;19;12;3;3;21;31;24;53
01/09/2015;13;5;3;5;19;24;25;63
02/09/2015;9;4;3;4;21;17;25;70
03/09/2015;12;6;3;3;21;21;24;73
04/09/2015;8;5;3;2;16;13;17;77
05/09/2015;6;4;3;2;13;9;14;72
06/09/2015;6;5;3;2;21;7;22;67
07/09/2015;11;9;3;6;41;14;49;39
08/09/2015;10;8;3;5;21;13;27;60
09/09/2015;8;6;3;9;26;12;39;64
10/09/2015;12;10;3;10;31;19;46;64
11/09/2015;12;9;3;3;20;18;25;78
12/09/2015;12;9;3;2;22;18;24;77
13/09/2015;8;6;3;2;26;15;28;60
14/09/2015;4;2;3;4;25;11;31;60
15/09/2015;7;4;3;6;41;18;50;55
16/09/2015;5;3;3;4;25;15;30;60
17/09/2015;3;1;3;3;18;9;21;70
18/09/2015;3;2;3;5;20;10;27;67
19/09/2015;4;3;3;3;22;10;25;69
20/09/2015;6;3;4;3;24;11;28;65
21/09/2015;8;5;3;6;32;17;40;67
22/09/2015;14;10;3;8;31;22;42;63
23/09/2015;12;9;3;6;26;22;34;59
24/09/2015;4;2;3;4;20;9;25;64
25/09/2015;8;5;3;10;42;15;56;53
26/09/2015;12;9;3;4;28;18;32;69
27/09/2015;13;10;3;2;25;17;27;51
28/09/2015;9;6;3;9;28;14;40;57
29/09/2015;8;6;3;6;26;13;34;63
30/09/2015;7;4;3;4;25;16;31;73
01/10/2015;12;7;3;7;29;23;39;64
02/10/2015;15;10;3;8;29;26;39;66
03/10/2015;16;13;3;7;52;24;62;35
04/10/2015;17;14;3;5;38;24;44;46
05/10/2015;12;5;3;7;34;29;44;36
06/10/2015;5;2;3;3;24;13;28;52
07/10/2015;4;2;3;7;25;11;35;59
08/10/2015;8;5;;3;40;12;43;
09/10/2015;6;4;3;3;25;8;29;59
10/10/2015;9;8;3;3;29;13;33;55
11/10/2015;10;8;3;2;30;14;32;49
12/10/2015;7;5;3;5;35;11;42;40
13/10/2015;8;6;3;8;31;10;42;41
14/10/2015;9;7;3;6;35;13;44;47
15/10/2015;9;7;3;9;36;14;50;51
16/10/2015;12;9;3;4;25;17;30;63
17/10/2015;13;11;3;2;17;17;18;78
18/10/2015;13;10;3;4;24;17;28;66
19/10/2015;12;10;3;3;30;15;33;57
20/10/2015;11;9;3;4;36;15;42;40
21/10/2015;8;6;3;14;50;12;72;33
22/10/2015;8;7;3;14;63;15;84;38
23/10/2015;12;10;4;21;72;19;104;28
24/10/2015;14;13;3;10;47;19;62;40
25/10/2015;12;11;3;3;18;15;22;58
26/10/2015;13;11;3;3;31;16;35;49
27/10/2015;15;13;3;15;53;18;76;29
28/10/2015;3;2;3;4;34;6;41;49
29/10/2015;5;3;3;9;48;10;61;39
30/10/2015;8;6;3;14;37;11;56;46
31/10/2015;9;8;3;2;30;11;32;49
01/11/2015;14;10;3;3;12;20;14;76
02/11/2015;12;6;3;3;41;20;44;56
03/11/2015;6;4;3;21;77;12;108;22
04/11/2015;7;6;3;13;56;12;74;28
05/11/2015;9;7;3;14;51;14;71;31
06/11/2015;14;12;3;35;59;19;112;25
07/11/2015;20;18;3;22;64;24;97;19
08/11/2015;20;18;3;8;41;22;52;38
09/11/2015;18;16;3;21;59;23;91;29
10/11/2015;16;14;3;30;78;27;124;19
11/11/2015;23;20;4;48;64;30;137;28
12/11/2015;34;31;3;40;72;43;132;22
13/11/2015;29;26;3;6;38;35;46;37
14/11/2015;24;22;3;11;50;28;66;29
15/11/2015;17;16;3;9;46;20;59;27
16/11/2015;;;3;38;63;;121;17
17/11/2015;;;3;37;62;;119;17
18/11/2015;;;3;55;80;;164;18
19/11/2015;;;3;49;76;;150;19
20/11/2015;;;3;22;64;;96;20
21/11/2015;6;3;3;3;8;21;11;59
22/11/2015;3;2;3;13;32;5;50;49
23/11/2015;5;3;3;18;48;12;74;36
24/11/2015;7;5;3;31;68;18;114;29
25/11/2015;5;3;3;9;39;13;51;38
26/11/2015;5;3;3;2;6;17;8;78
27/11/2015;7;4;3;7;48;18;57;48
28/11/2015;6;5;3;12;67;9;84;31
29/11/2015;6;5;3;5;46;9;53;39
30/11/2015;16;13;6;94;96;25;238;17
01/12/2015;21;17;4;86;85;31;217;18
02/12/2015;26;22;5;100;94;37;246;15
03/12/2015;29;25;4;81;93;41;217;19
04/12/2015;31;27;3;50;85;40;161;20
05/12/2015;34;31;3;12;45;39;62;32
06/12/2015;33;30;3;5;35;38;41;38
07/12/2015;32;29;3;19;66;36;94;22
08/12/2015;27;24;3;21;58;33;89;22
09/12/2015;24;21;3;34;50;31;102;26
10/12/2015;25;21;4;74;85;35;198;13
11/12/2015;19;16;3;37;67;25;123;21
12/12/2015;22;19;3;34;62;27;113;26
13/12/2015;15;13;3;4;37;18;42;36
14/12/2015;20;16;3;48;78;30;151;16
15/12/2015;26;16;5;116;92;48;268;11
16/12/2015;26;17;4;74;83;46;196;12
17/12/2015;29;21;5;101;89;47;244;8
18/12/2015;37;28;6;152;99;52;331;7
19/12/2015;37;30;3;65;80;49;179;9
20/12/2015;42;34;3;40;62;53;123;20
21/12/2015;36;29;3;44;67;48;133;19
22/12/2015;32;27;3;38;75;42;132;18
23/12/2015;28;24;4;50;73;37;149;14
24/12/2015;28;25;3;13;59;35;78;24
25/12/2015;25;22;3;12;50;31;68;20
26/12/2015;24;21;3;22;53;29;85;28
27/12/2015;20;17;3;4;35;23;40;34
28/12/2015;20;17;3;16;51;27;74;35
29/12/2015;20;16;3;27;71;29;111;19
30/12/2015;10;7;3;17;61;19;86;26
31/12/2015;9;7;3;6;37;14;43;36
01/01/2016;16;14;3;10;43;19;58;28
02/01/2016;5;4;3;3;28;9;33;50
03/01/2016;4;3;3;4;22;7;26;52
04/01/2016;4;2;3;2;13;19;14;49
05/01/2016;2;1;3;6;29;5;37;54
06/01/2016;2;1;3;7;7;4;17;61
07/01/2016;2;1;3;2;16;6;17;52
08/01/2016;3;2;3;3;24;6;27;50
09/01/2016;4;3;3;3;16;7;19;65
10/01/2016;2;1;3;2;7;5;8;74
11/01/2016;2;1;3;2;21;6;23;65
12/01/2016;4;2;3;3;24;8;28;54
13/01/2016;9;7;3;19;57;16;85;31
14/01/2016;6;5;3;6;36;12;44;42
15/01/2016;6;4;3;13;31;9;51;45
16/01/2016;2;1;3;3;13;3;16;65
17/01/2016;9;7;3;23;52;14;87;36
18/01/2016;9;8;3;18;52;15;78;31
19/01/2016;7;6;3;16;55;13;78;35
20/01/2016;13;10;3;15;48;18;70;37
21/01/2016;13;11;4;23;60;18;94;26
25/01/2016;32;30;3;10;45;36;59;
26/01/2016;35;32;3;10;38;41;52;28
27/01/2016;31;28;3;17;56;38;82;17
28/01/2016;23;20;3;10;49;30;63;22
29/01/2016;26;23;3;12;50;33;68;16
30/01/2016;18;16;3;6;38;22;46;27
31/01/2016;8;7;3;2;22;10;24;42
01/02/2016;9;7;3;30;56;15;102;23
02/02/2016;16;13;3;29;51;21;94;27
03/02/2016;18;16;3;19;43;25;71;33
04/02/2016;6;4;3;14;59;14;81;38
05/02/2016;12;9;3;12;58;20;75;36
06/02/2016;18;15;3;18;56;25;82;33
07/02/2016;3;2;3;2;11;6;12;81
08/02/2016;3;2;3;3;14;7;18;69
09/02/2016;4;2;3;2;14;11;17;69
10/02/2016;2;1;3;3;16;5;20;67
11/02/2016;3;2;3;6;31;6;39;46
12/02/2016;3;2;3;4;23;6;28;53
13/02/2016;1;1;3;2;11;3;12;52
14/02/2016;2;1;3;2;7;5;8;89
15/02/2016;2;1;3;3;12;4;15;83
16/02/2016;4;3;3;5;31;8;38;68
17/02/2016;6;5;3;10;44;11;58;50
18/02/2016;7;6;3;3;22;10;24;66
19/02/2016;8;6;3;10;45;12;58;46
20/02/2016;9;8;3;6;42;13;52;55
21/02/2016;10;9;3;4;36;13;41;57
22/02/2016;18;11;4;17;57;43;82;46
23/02/2016;42;13;4;10;43;109;56;53
24/02/2016;14;8;3;10;39;32;53;55
25/02/2016;3;2;3;2;22;8;24;72
26/02/2016;5;4;3;4;28;10;34;68
27/02/2016;1;1;3;2;11;2;14;86
28/02/2016;3;2;3;3;13;5;15;81
29/02/2016;4;3;3;2;10;7;11;95
01/03/2016;7;5;5;22;64;16;96;54
02/03/2016;5;3;3;5;40;14;45;58
03/03/2016;4;3;3;12;35;10;51;73
04/03/2016;5;3;3;4;26;12;30;60
05/03/2016;1;1;3;2;10;3;11;70
06/03/2016;2;1;3;2;17;4;19;62
07/03/2016;4;4;3;6;40;6;47;36
08/03/2016;3;2;4;2;12;9;14;64
09/03/2016;3;3;3;6;20;7;28;49
10/03/2016;3;2;3;3;15;9;19;65
11/03/2016;5;3;3;8;30;10;40;44
12/03/2016;8;6;3;2;19;11;21;56
13/03/2016;12;10;3;2;13;15;15;70
14/03/2016;15;12;3;2;14;18;15;73
15/03/2016;11;9;3;2;17;15;19;65
16/03/2016;12;10;3;4;22;16;27;59
17/03/2016;9;7;3;3;14;13;17;64
18/03/2016;11;8;3;2;9;15;10;76
19/03/2016;25;21;3;2;23;30;24;58
20/03/2016;26;24;3;2;16;29;18;52
21/03/2016;17;14;3;2;14;19;16;62
22/03/2016;10;9;3;3;23;13;25;51
23/03/2016;9;7;4;7;31;19;41;52
24/03/2016;12;10;3;3;23;17;25;62
25/03/2016;13;11;3;4;25;20;28;56
26/03/2016;9;7;4;4;26;14;30;48
27/03/2016;3;2;3;2;9;6;11;61
28/03/2016;3;2;3;2;7;5;8;63
29/03/2016;6;4;3;3;16;11;18;62
30/03/2016;19;15;3;11;24;24;39;53
31/03/2016;11;9;3;;;19;;65
01/04/2016;3;2;3;;;9;;66
02/04/2016;8;5;3;;;16;;64
03/04/2016;11;7;3;;;17;;64
04/04/2016;10;9;3;;;13;;62
05/04/2016;4;3;3;;;5;;44
06/04/2016;6;4;3;;;15;;48
07/04/2016;9;6;3;;;15;;48
08/04/2016;2;1;3;;;4;;70
09/04/2016;5;3;3;;;10;;58
10/04/2016;10;6;3;;;16;;64
11/04/2016;7;4;3;;;12;;65
12/04/2016;8;5;3;;;13;;54
13/04/2016;3;2;3;;;9;;72
14/04/2016;9;6;3;;;18;;62
15/04/2016;17;14;3;;;22;;54
16/04/2016;5;3;3;;;11;;62
17/04/2016;2;1;3;;;3;;72
18/04/2016;7;3;3;;;13;;65
19/04/2016;7;3;3;;;14;;80
20/04/2016;9;5;3;;;16;;82
21/04/2016;7;5;3;;;12;;80
22/04/2016;13;10;3;;;19;;59
23/04/2016;8;6;;;;12;;60
24/04/2016;2;2;3;;;4;;70
25/04/2016;6;3;3;;;11;;72
26/04/2016;10;6;3;;;16;;71
27/04/2016;13;9;3;;;19;;63
28/04/2016;9;7;3;;;12;;66
29/04/2016;9;7;3;2;11;13;13;68
30/04/2016;12;10;3;3;15;14;17;56
01/05/2016;2;1;3;2;8;5;9;79
02/05/2016;5;3;3;5;26;13;32;65
03/05/2016;8;5;3;10;30;21;44;68
04/05/2016;9;8;3;2;15;13;17;83
05/05/2016;14;11;3;7;33;20;42;56
06/05/2016;13;10;3;2;14;17;16;80
07/05/2016;14;10;3;2;8;19;10;93
08/05/2016;13;9;3;2;6;16;8;88
09/05/2016;11;9;3;2;20;13;21;52
10/05/2016;6;4;3;5;24;9;30;40
11/05/2016;5;4;3;3;20;8;23;59
12/05/2016;2;1;3;2;13;3;15;69
13/05/2016;3;2;3;3;17;5;20;62
14/05/2016;3;2;3;3;20;6;22;59
15/05/2016;6;5;3;2;12;8;13;81
16/05/2016;10;8;3;2;14;14;16;73
17/05/2016;14;12;3;4;15;19;20;66
18/05/2016;17;14;3;4;17;22;21;62
19/05/2016;12;9;3;3;19;16;22;59
20/05/2016;13;10;3;2;13;18;15;63
21/05/2016;13;9;3;2;8;20;9;66
22/05/2016;10;6;3;2;9;18;12;66
23/05/2016;6;3;3;3;13;12;15;55
24/05/2016;8;4;3;3;12;14;15;59
25/05/2016;13;8;3;3;12;18;15;63
26/05/2016;13;9;3;2;7;18;8;76
27/05/2016;15;12;3;2;7;21;9;78
28/05/2016;15;11;3;4;16;28;20;60
29/05/2016;2;1;3;2;5;4;7;67
30/05/2016;5;3;3;3;11;9;14;72
31/05/2016;6;4;3;4;23;14;27;55
01/06/2016;8;5;3;3;20;14;23;71
02/06/2016;9;7;3;3;17;14;20;71
03/06/2016;9;7;3;1;12;14;13;72
04/06/2016;13;10;3;1;18;18;19;54
05/06/2016;14;11;3;1;9;17;10;59
06/06/2016;11;9;3;2;11;16;14;63
07/06/2016;12;10;3;2;9;16;11;57
08/06/2016;;;3;5;17;;24;55
09/06/2016;;;3;2;12;;14;58
10/06/2016;;;3;1;4;;5;75
11/06/2016;;;3;1;5;;5;79
12/06/2016;;;3;1;8;;9;66
13/06/2016;;;4;2;12;;15;61
14/06/2016;;;3;1;10;;11;56
15/06/2016;5;3;3;2;13;17;15;54
16/06/2016;2;1;3;1;8;8;9;52
17/06/2016;6;3;3;2;15;14;17;62
18/06/2016;7;4;3;1;17;13;18;55
19/06/2016;5;3;3;1;6;9;6;67
20/06/2016;5;3;3;3;12;11;15;59
21/06/2016;6;4;3;3;18;13;22;55
22/06/2016;5;4;3;2;13;9;15;55
23/06/2016;7;4;3;4;20;12;25;60
24/06/2016;9;6;3;3;14;16;17;67
25/06/2016;7;5;3;1;5;10;6;69
26/06/2016;10;5;3;1;4;18;5;67
27/06/2016;10;6;3;1;9;17;11;57
28/06/2016;9;5;3;1;10;15;12;63
29/06/2016;9;5;3;1;10;14;12;63
30/06/2016;11;6;3;3;15;17;20;54
01/07/2016;11;8;3;2;9;17;12;58
02/07/2016;12;9;3;1;10;18;12;49
03/07/2016;12;7;3;1;7;19;9;56
04/07/2016;10;6;3;1;9;16;11;52
05/07/2016;9;6;3;3;15;15;20;60
06/07/2016;9;6;3;3;19;16;24;65
07/07/2016;8;6;3;3;25;15;29;59
08/07/2016;9;6;3;4;20;17;26;66
09/07/2016;11;8;3;1;7;17;9;77
10/07/2016;13;9;3;2;19;21;22;66
11/07/2016;12;8;3;3;17;22;21;75
12/07/2016;10;7;3;1;10;17;12;64
13/07/2016;8;4;3;1;8;20;10;59
14/07/2016;6;3;3;1;7;15;9;61
15/07/2016;6;3;3;1;8;17;10;62
16/07/2016;9;5;3;1;8;18;10;64
17/07/2016;6;4;3;1;7;12;9;71
18/07/2016;8;5;3;2;12;12;16;66
19/07/2016;9;6;3;4;16;15;22;63
20/07/2016;11;7;3;2;18;19;22;59
21/07/2016;9;6;3;2;15;16;17;53
22/07/2016;14;9;3;1;11;23;14;59
23/07/2016;9;6;3;1;11;16;14;57
24/07/2016;8;5;3;1;10;16;12;65
25/07/2016;8;5;3;3;14;17;18;66
26/07/2016;10;7;3;1;11;18;13;65
27/07/2016;9;7;3;1;9;13;12;65
28/07/2016;8;6;3;2;16;13;19;57
29/07/2016;9;6;3;2;15;15;18;62
30/07/2016;11;7;3;2;14;19;16;55
31/07/2016;14;9;3;2;16;23;18;38
01/08/2016;11;5;3;1;5;20;7;53
02/08/2016;9;5;3;2;11;16;14;49
03/08/2016;9;5;3;2;10;16;13;57
04/08/2016;8;5;3;1;8;13;10;59
05/08/2016;9;4;3;1;8;19;10;48
06/08/2016;9;4;3;2;9;19;12;49
07/08/2016;8;4;3;1;13;17;16;58
08/08/2016;7;5;4;2;19;12;22;60
09/08/2016;5;4;4;3;19;13;25;69
12/08/2016;9;6;3;1;15;17;17;65
13/08/2016;8;6;4;2;14;14;17;65
14/08/2016;7;6;3;1;8;11;10;66
15/08/2016;6;4;3;1;9;9;11;64
16/08/2016;9;6;3;2;22;14;25;39
17/08/2016;13;7;3;4;20;20;26;50
18/08/2016;15;9;3;2;10;23;13;52
19/08/2016;17;11;3;2;11;26;14;50
20/08/2016;16;10;3;1;6;23;8;47
21/08/2016;9;4;3;1;4;21;6;60
22/08/2016;9;4;3;2;14;17;17;48
23/08/2016;9;5;3;2;12;14;16;49
24/08/2016;8;5;3;2;12;11;17;58
25/08/2016;5;4;3;1;10;8;12;67
26/08/2016;5;3;4;2;13;7;17;60
27/08/2016;7;5;3;1;9;10;11;57
28/08/2016;11;8;3;1;7;17;9;51
29/08/2016;11;8;3;1;7;18;10;53
30/08/2016;9;5;3;1;5;18;7;59
31/08/2016;7;4;3;2;10;13;13;59
01/09/2016;7;5;3;2;14;12;17;56
02/09/2016;10;7;3;5;22;16;31;47
03/09/2016;11;7;5;4;24;19;30;45
04/09/2016;9;5;4;2;20;16;23;53
05/09/2016;10;6;3;5;29;22;36;50
06/09/2016;12;8;3;2;19;19;22;55
07/09/2016;11;8;3;2;12;16;15;57
08/09/2016;7;5;3;1;10;12;12;53
09/09/2016;9;5;3;2;11;15;14;52
10/09/2016;9;7;3;1;5;13;7;66
11/09/2016;11;8;3;1;8;15;10;60
12/09/2016;8;6;3;3;12;13;17;56
13/09/2016;9;7;3;2;12;14;15;57
14/09/2016;3;2;3;2;17;6;21;45
15/09/2016;3;2;3;6;25;7;34;40
16/09/2016;3;2;3;3;23;7;28;42
17/09/2016;3;2;4;2;17;5;21;41
18/09/2016;2;1;3;1;12;4;14;45
19/09/2016;3;2;3;5;23;7;30;42
20/09/2016;5;3;4;12;22;11;39;45
21/09/2016;8;6;3;9;22;13;37;47
22/09/2016;11;9;3;4;17;15;24;53
23/09/2016;11;8;3;5;19;17;27;57
24/09/2016;6;5;3;2;13;8;17;56
25/09/2016;8;7;3;2;12;10;15;55
26/09/2016;8;6;3;1;14;11;17;55
27/09/2016;8;7;3;6;16;11;25;48
28/09/2016;8;5;3;1;10;15;13;66
29/09/2016;10;8;3;1;16;13;18;65
30/09/2016;12;10;3;4;21;15;28;46
01/10/2016;14;12;3;2;19;17;23;48
02/10/2016;14;12;3;2;15;19;19;52
03/10/2016;12;10;3;2;15;16;19;49
04/10/2016;9;8;3;5;17;13;25;48
05/10/2016;10;9;3;2;16;14;18;48
06/10/2016;12;9;3;7;20;17;31;45
07/10/2016;10;7;3;5;18;15;26;53
08/10/2016;10;8;3;2;17;18;20;48
09/10/2016;7;4;3;1;6;13;8;57
10/10/2016;7;5;3;1;11;12;13;56
11/10/2016;11;9;5;5;22;18;29;57
12/10/2016;8;6;3;2;13;13;15;62
13/10/2016;5;4;3;5;29;7;36;32
14/10/2016;3;2;3;5;26;6;33;38
15/10/2016;7;6;3;3;23;10;28;49
16/10/2016;7;6;3;3;19;9;23;51
17/10/2016;7;5;3;6;23;12;32;52
18/10/2016;10;9;3;4;37;14;43;34
19/10/2016;13;11;3;8;37;15;49;35
20/10/2016;10;9;3;7;28;14;40;30
21/10/2016;6;4;3;2;16;11;19;48
22/10/2016;15;13;3;3;18;18;22;37
23/10/2016;19;16;3;3;20;24;24;34
24/10/2016;11;8;3;8;30;16;42;22
25/10/2016;16;10;3;9;34;23;48;17
26/10/2016;20;10;4;12;30;32;48;16
27/10/2016;17;9;3;13;25;27;45;29
28/10/2016;15;10;3;8;32;21;43;32
29/10/2016;17;14;3;6;36;22;45;26
30/10/2016;12;10;3;3;22;15;26;38
31/10/2016;16;14;3;4;22;19;27;50
01/11/2016;17;16;3;2;28;20;31;43
02/11/2016;15;13;4;17;41;20;67;25
03/11/2016;17;13;4;19;45;28;74;18
04/11/2016;23;17;;22;47;34;80;11
05/11/2016;7;5;3;3;16;14;20;36
06/11/2016;1;1;3;2;9;2;12;48
07/11/2016;3;2;3;3;22;7;27;34
08/11/2016;2;2;3;2;15;6;18;40
09/11/2016;4;3;3;4;24;10;31;30
10/11/2016;6;4;4;14;39;11;60;20
11/11/2016;7;6;4;24;40;12;77;18
12/11/2016;9;8;3;7;26;12;37;25
13/11/2016;8;7;3;3;25;11;30;23
14/11/2016;5;4;3;7;23;11;35;28
15/11/2016;6;4;3;7;22;14;32;28
16/11/2016;8;6;4;12;29;13;46;27
17/11/2016;11;9;5;21;41;18;73;19
18/11/2016;15;13;4;16;38;23;63;13
19/11/2016;12;11;3;13;27;16;47;21
20/11/2016;8;7;3;;;10;;36
21/11/2016;6;5;4;;;9;;18
22/11/2016;3;3;3;5;27;4;35;23
23/11/2016;3;2;3;6;32;4;41;18
24/11/2016;4;3;3;7;22;5;32;24
25/11/2016;5;4;3;9;25;8;38;23
26/11/2016;6;4;3;;;9;;34
27/11/2016;4;2;3;;;6;;47
28/11/2016;5;4;5;;;7;;22
29/11/2016;8;7;4;2;22;9;25;27
30/11/2016;7;3;3;1;10;13;12;52
01/12/2016;9;6;4;22;37;15;71;29
02/12/2016;12;10;4;29;39;16;84;11
03/12/2016;13;11;3;9;24;15;39;16
04/12/2016;10;7;3;1;10;13;12;49
05/12/2016;12;7;3;1;11;17;12;53
06/12/2016;9;7;3;3;19;13;24;36
07/12/2016;13;11;4;16;27;17;50;21
08/12/2016;12;10;3;2;14;15;16;43
09/12/2016;12;10;4;22;43;19;77;12
10/12/2016;13;11;3;11;30;16;47;14
11/12/2016;12;10;3;4;17;14;23;13
12/12/2016;11;9;5;;;16;;7
13/12/2016;15;13;4;;;19;;9
14/12/2016;18;16;4;20;39;22;69;12
15/12/2016;17;15;3;16;39;21;63;9
16/12/2016;12;10;3;8;27;14;39;27
17/12/2016;11;6;3;1;3;16;4;64
18/12/2016;11;8;3;1;8;13;9;52
19/12/2016;7;6;3;2;16;8;19;42
20/12/2016;4;3;3;6;30;6;39;23
21/12/2016;5;4;6;30;43;10;89;17
22/12/2016;7;5;6;37;40;15;96;18
23/12/2016;10;8;4;31;43;15;91;7
24/12/2016;11;10;4;26;34;14;73;11
25/12/2016;7;6;3;10;25;8;40;17
26/12/2016;10;9;3;9;22;11;35;15
27/12/2016;16;14;6;39;34;20;93;9
28/12/2016;14;11;4;23;27;18;62;17
29/12/2016;9;8;3;8;26;13;38;17
30/12/2016;15;13;3;15;29;18;52;17
31/12/2016;18;17;3;8;22;21;34;24
01/01/2017;12;11;3;1;15;13;17;25
02/01/2017;16;15;5;9;22;21;37;13
03/01/2017;23;21;6;;;28;;8
04/01/2017;17;14;4;;;23;;9
05/01/2017;10;8;4;;;15;;20
06/01/2017;11;9;3;3;28;15;32;25
07/01/2017;16;14;3;12;36;19;54;17
08/01/2017;14;13;3;16;35;16;60;16
09/01/2017;14;12;5;26;50;20;90;12
10/01/2017;8;7;3;12;28;13;45;26
11/01/2017;5;3;4;13;30;12;50;36
12/01/2017;7;6;5;24;33;12;69;15
13/01/2017;5;4;3;3;11;8;15;41
14/01/2017;1;1;3;1;3;3;4;57
15/01/2017;1;1;3;1;3;2;4;57
16/01/2017;2;1;3;1;8;6;10;50
17/01/2017;4;2;3;1;15;7;17;45
18/01/2017;5;4;3;6;23;12;31;37
19/01/2017;11;7;3;1;15;19;16;45
24/01/2017;11;8;5;36;54;19;109;15
25/01/2017;8;7;3;15;37;12;59;27
26/01/2017;17;15;3;12;39;23;56;28
27/01/2017;14;13;3;8;34;16;46;37
28/01/2017;3;3;3;8;18;4;30;45
29/01/2017;5;5;3;3;22;6;25;31
30/01/2017;9;8;4;23;41;12;75;17
31/01/2017;20;17;4;30;30;24;76;18
01/02/2017;24;21;3;22;46;29;80;11
02/02/2017;6;5;3;4;31;8;37;30
03/02/2017;5;4;3;1;14;7;16;47
04/02/2017;3;2;3;1;6;4;7;54
05/02/2017;1;1;3;1;2;2;3;61
06/02/2017;3;2;3;6;26;8;35;40
07/02/2017;3;2;3;3;18;6;22;34
08/02/2017;2;1;3;1;3;10;4;62
09/02/2017;3;3;3;4;26;7;33;44
10/02/2017;6;5;4;10;26;11;41;41
11/02/2017;8;5;3;1;6;11;7;58
12/02/2017;13;7;3;1;4;19;5;59
13/02/2017;13;7;3;4;26;18;31;39
14/02/2017;8;6;3;12;36;11;53;26
15/02/2017;14;11;3;11;32;19;47;28
16/02/2017;18;14;4;22;28;23;61;30
17/02/2017;18;15;3;12;31;23;49;18
18/02/2017;18;16;3;;;21;;34
19/02/2017;17;14;3;;;20;;52
20/02/2017;19;17;3;;;22;;32
21/02/2017;12;10;5;;;17;;24
22/02/2017;12;10;5;25;48;18;86;21
23/02/2017;13;11;4;15;40;23;62;19
24/02/2017;17;14;3;11;32;21;49;17
25/02/2017;11;8;3;7;15;14;25;37
26/02/2017;18;16;3;2;13;22;15;37
27/02/2017;13;10;3;;;18;;34
28/02/2017;3;2;3;;;6;;44
01/03/2017;6;4;3;4;22;8;27;38
02/03/2017;14;12;3;14;40;18;61;23
03/03/2017;17;15;3;13;25;19;44;38
04/03/2017;2;2;3;1;10;2;11;54
05/03/2017;3;3;3;1;8;4;9;42
06/03/2017;3;2;3;3;20;5;25;
07/03/2017;3;2;3;8;24;7;35;
09/03/2017;10;8;;16;54;16;78;35
10/03/2017;12;10;3;8;35;18;47;47
11/03/2017;22;21;3;10;40;26;54;37
12/03/2017;18;16;3;;;21;;56
13/03/2017;6;4;3;1;11;7;13;66
14/03/2017;12;10;3;;;17;;78
15/03/2017;19;16;3;;;23;;67
16/03/2017;24;22;4;4;33;27;38;60
17/03/2017;19;17;3;6;44;22;53;49
18/03/2017;14;13;3;3;35;18;39;65
19/03/2017;25;22;3;6;33;31;42;57
20/03/2017;23;20;4;6;26;29;34;62
21/03/2017;24;21;3;4;19;28;24;63
22/03/2017;8;7;3;;;16;;54
23/03/2017;2;1;3;;;5;;74
24/03/2017;3;2;3;;;4;;69
25/03/2017;4;3;3;1;22;6;24;71
26/03/2017;7;6;3;4;25;9;31;63
27/03/2017;5;4;3;4;31;7;36;66
28/03/2017;9;8;4;13;38;12;58;42
29/03/2017;7;6;3;5;35;10;43;55
30/03/2017;9;8;4;15;38;12;61;50
31/03/2017;8;7;3;8;35;11;46;59
01/04/2017;9;7;3;4;33;11;38;50
02/04/2017;2;2;3;1;22;3;23;61
03/04/2017;3;2;4;5;36;5;44;50
04/04/2017;7;5;3;8;36;10;48;51
05/04/2017;6;5;4;14;43;10;65;36
06/04/2017;6;5;4;5;39;9;46;48
07/04/2017;11;9;4;10;37;14;51;56
08/04/2017;11;10;3;2;24;13;27;76
09/04/2017;11;10;3;1;16;12;18;74
10/04/2017;12;11;3;6;33;14;42;58
11/04/2017;10;8;4;13;38;13;57;55
12/04/2017;10;8;3;2;24;12;27;59
13/04/2017;15;13;3;3;32;17;37;59
14/04/2017;15;14;5;4;32;19;39;67
15/04/2017;15;14;3;1;19;18;22;75
16/04/2017;12;10;3;1;11;15;14;71
17/04/2017;12;10;3;2;15;15;19;56
18/04/2017;13;10;3;2;20;15;23;62
19/04/2017;7;4;3;1;14;13;16;82
20/04/2017;5;3;3;1;17;10;19;84
21/04/2017;4;3;3;1;18;7;21;82
22/04/2017;4;3;3;1;13;5;15;87
23/04/2017;6;5;3;1;17;7;19;80
24/04/2017;7;6;3;2;20;9;23;77
25/04/2017;15;12;3;5;31;18;39;60
26/04/2017;13;11;3;4;19;16;25;55
27/04/2017;4;3;3;1;20;5;21;52
28/04/2017;4;4;4;1;18;6;20;61
29/04/2017;4;2;5;1;17;6;18;77
30/04/2017;4;3;5;1;13;5;14;66
01/05/2017;3;1;5;1;8;6;9;82
02/05/2017;4;3;5;4;22;6;28;65
03/05/2017;6;4;6;3;16;8;21;69
04/05/2017;5;4;5;4;20;7;26;60
05/05/2017;9;7;4;1;13;11;15;69
06/05/2017;3;2;3;1;17;5;18;68
07/05/2017;5;4;3;1;19;7;21;63
08/05/2017;5;4;3;3;19;8;24;72
09/05/2017;6;5;3;3;16;8;19;73
10/05/2017;6;4;3;4;17;8;22;73
11/05/2017;4;3;4;2;17;7;20;68
12/05/2017;1;1;3;2;13;3;17;68
13/05/2017;2;2;4;2;15;4;17;66
14/05/2017;3;2;3;2;12;4;15;76
15/05/2017;7;6;3;3;16;8;19;60
16/05/2017;9;8;4;6;30;11;38;51
17/05/2017;5;4;3;7;27;7;37;60
18/05/2017;6;4;3;7;30;9;40;56
19/05/2017;3;2;3;3;15;5;19;66
20/05/2017;3;2;3;2;12;4;15;74
21/05/2017;3;3;4;2;13;4;16;71
22/05/2017;5;3;3;5;18;6;25;67
23/05/2017;5;4;3;3;17;7;21;66
24/05/2017;7;6;4;3;20;8;25;66
25/05/2017;5;4;7;6;28;8;37;71
26/05/2017;5;4;4;5;20;7;27;75
27/05/2017;10;9;3;2;13;12;16;77
28/05/2017;9;7;3;2;10;10;12;77
29/05/2017;6;5;3;4;17;8;22;75
30/05/2017;8;7;3;4;23;11;29;74
31/05/2017;9;8;3;3;13;11;17;77
01/06/2017;11;10;3;4;22;13;28;63
02/06/2017;10;8;3;4;18;11;24;57
03/06/2017;10;9;3;2;11;11;14;61
04/06/2017;7;5;4;2;11;9;14;61
05/06/2017;2;2;3;3;17;3;21;57
06/06/2017;4;4;3;5;22;6;29;61
07/06/2017;4;3;4;2;11;6;14;65
08/06/2017;5;4;3;3;15;7;19;61
09/06/2017;6;5;4;2;11;7;14;60
10/06/2017;5;4;4;2;12;6;15;58
11/06/2017;5;4;3;3;17;6;20;68
12/06/2017;4;4;;3;16;5;21;59
13/06/2017;5;5;;5;21;7;28;56
14/06/2017;6;5;;4;23;7;27;67
15/06/2017;7;6;;3;25;9;29;59
16/06/2017;9;8;;3;21;11;24;56
17/06/2017;9;7;;3;17;12;22;66
18/06/2017;5;4;;2;9;7;11;75
19/06/2017;7;6;6;3;16;10;20;60
20/06/2017;8;6;4;4;18;11;23;62
21/06/2017;4;3;4;4;22;7;28;58
22/06/2017;4;3;3;4;26;7;32;50
23/06/2017;6;4;3;4;19;8;24;62
24/06/2017;8;6;3;2;13;10;16;57
25/06/2017;7;6;3;2;9;8;11;54
26/06/2017;7;5;4;3;16;9;19;55
27/06/2017;6;5;3;4;28;10;34;47
28/06/2017;2;1;3;2;12;5;15;51
29/06/2017;2;1;3;2;13;4;16;72
30/06/2017;2;1;4;2;16;4;19;65
01/07/2017;3;2;4;2;19;5;23;51
02/07/2017;2;2;3;2;10;4;12;56
03/07/2017;3;2;3;4;21;5;27;51
04/07/2017;2;2;3;5;18;4;26;48
05/07/2017;3;2;3;3;16;3;20;50
06/07/2017;4;3;3;2;16;5;18;49
07/07/2017;7;5;3;2;14;9;17;59
08/07/2017;6;5;5;2;20;9;22;59
09/07/2017;5;4;8;1;13;7;15;85
10/07/2017;7;5;9;3;16;8;19;65
11/07/2017;6;5;4;2;11;7;14;61
12/07/2017;7;6;3;3;16;9;21;55
13/07/2017;7;6;4;2;13;8;16;49
14/07/2017;5;4;6;2;11;7;13;46
15/07/2017;4;3;4;1;8;6;11;55
16/07/2017;5;3;3;2;12;6;15;53
17/07/2017;4;3;;2;12;6;15;63
18/07/2017;4;3;;2;12;6;15;66
19/07/2017;6;5;;1;12;10;14;61
20/07/2017;9;7;3;1;14;13;16;52
21/07/2017;8;6;3;1;12;11;15;54
22/07/2017;8;6;3;1;9;10;12;46
23/07/2017;7;5;3;1;8;9;10;51
24/07/2017;7;6;3;2;15;9;18;44
25/07/2017;3;2;3;2;13;7;16;46
26/07/2017;4;3;3;3;18;8;23;52
27/07/2017;6;4;3;3;16;9;21;51
28/07/2017;6;4;5;2;14;7;16;47
29/07/2017;5;4;3;1;11;7;13;43
30/07/2017;6;5;3;2;14;7;17;44
31/07/2017;6;5;3;1;10;7;12;33
01/08/2017;10;8;4;2;15;13;18;31
02/08/2017;11;7;3;3;28;16;34;27
03/08/2017;9;5;3;7;35;15;47;28
04/08/2017;8;6;5;2;16;11;19;38
05/08/2017;9;7;6;2;14;11;17;33
06/08/2017;6;4;4;2;10;8;13;47
07/08/2017;5;3;3;2;13;8;16;47
08/08/2017;5;3;3;3;15;10;19;46
09/08/2017;4;2;5;1;10;9;12;59
10/08/2017;2;1;4;2;12;3;15;65
11/08/2017;2;1;3;3;15;4;19;66
12/08/2017;3;2;3;2;12;4;15;75
13/08/2017;3;2;3;2;11;4;14;77
14/08/2017;3;2;3;2;11;4;14;76
15/08/2017;4;3;3;2;9;5;11;73
16/08/2017;6;4;3;2;15;8;18;64
17/08/2017;7;5;3;2;11;9;14;74
18/08/2017;5;4;3;3;15;7;19;65
19/08/2017;4;3;4;2;11;6;14;56
20/08/2017;4;3;4;2;9;6;11;56
21/08/2017;4;2;4;3;17;6;22;60
22/08/2017;4;3;3;4;17;6;23;68
23/08/2017;4;3;3;3;18;7;23;62
24/08/2017;4;3;3;2;15;6;19;73
25/08/2017;5;4;3;3;16;7;20;77
26/08/2017;8;7;3;2;11;9;14;70
27/08/2017;9;8;4;2;13;11;16;63
28/08/2017;9;8;3;3;16;10;20;53
29/08/2017;6;5;3;4;28;7;34;34
30/08/2017;4;3;3;4;24;5;30;51
31/08/2017;5;4;3;3;21;7;26;55
