Fecha;PM2.5(µg/m³);PM1(µg/m³);SO2(µg/m³);CO(mg/m³);NO(µg/m³);NO2(µg/m³);PM10(µg/m³);NOx(µg/m³);Ozono(µg/m³)
01/01/2014;4;3;1;0;2;11;7;13;60
02/01/2014;4;3;0;0,2;2;17;8;20;53
03/01/2014;4;3;1;0,3;4;28;7;34;42
04/01/2014;3;2;1;0,3;2;11;9;14;63
05/01/2014;5;3;1;0,3;2;9;8;12;64
06/01/2014;5;3;1;0,3;6;26;8;35;48
07/01/2014;10;8;2;;57;71;13;158;21
08/01/2014;13;10;1;;39;46;15;105;27
09/01/2014;;;2;;45;64;;134;11
10/01/2014;;;0;;19;61;;90;10
11/01/2014;;;5;;23;64;;99;10
12/01/2014;;;3;;13;36;;55;19
13/01/2014;;;;;10;42;;57;29
14/01/2014;;;;;7;32;;43;44
15/01/2014;7;6;2;;38;42;11;101;25
16/01/2014;6;5;2;;25;41;9;80;35
17/01/2014;7;5;;;17;51;10;77;34
18/01/2014;7;6;;;7;36;10;47;32
19/01/2014;4;3;;;3;18;8;23;50
20/01/2014;3;2;2;0,2;2;21;8;24;58
21/01/2014;5;4;2;0,3;9;40;9;54;40
22/01/2014;8;6;2;0,3;53;58;11;140;22
23/01/2014;6;4;1;0,2;32;55;9;103;28
24/01/2014;5;4;0;0,3;5;30;9;37;48
25/01/2014;4;3;2;0,3;6;14;8;23;49
26/01/2014;4;3;1;0,3;3;19;8;23;47
27/01/2014;;;2;0,3;2;11;;14;60
28/01/2014;;;2;0,2;3;13;;18;63
29/01/2014;4;3;1;0,1;3;16;8;21;63
30/01/2014;4;3;1;0,1;9;36;8;50;47
31/01/2014;6;4;1;0,1;13;45;9;65;36
01/02/2014;6;5;1;0;12;;10;42;45
02/02/2014;4;2;3;0;2;;7;18;59
03/02/2014;6;4;3;0,1;8;37;10;49;39
04/02/2014;6;5;1;0;4;32;10;38;48
05/02/2014;6;4;0;0,1;3;21;14;25;60
06/02/2014;8;6;0;0;15;51;11;74;41
07/02/2014;4;2;1;0;1;14;9;16;65
08/02/2014;5;3;2;0;2;6;11;9;69
09/02/2014;6;4;1;0,1;3;17;9;22;60
10/02/2014;2;2;1;0;2;10;6;13;68
11/02/2014;4;3;1;0;4;24;8;29;57
12/02/2014;5;3;1;0;12;44;9;62;37
13/02/2014;3;2;2;0;4;18;7;24;45
14/02/2014;4;3;1;0;5;20;8;27;42
15/02/2014;7;6;2;0;11;34;10;52;41
16/02/2014;6;5;1;0;4;30;9;35;36
17/02/2014;8;6;2;0;15;44;11;67;27
18/02/2014;15;13;;0,1;68;70;18;175;19
19/02/2014;10;7;;0;44;66;14;133;23
20/02/2014;7;5;;0,1;21;39;11;71;36
21/02/2014;;;;0,2;;;;;45
22/02/2014;9;7;;0,1;5;36;12;43;51
23/02/2014;11;8;;0,2;7;44;14;55;46
24/02/2014;15;11;5;0,1;23;68;20;103;44
25/02/2014;11;7;4;0,1;28;46;21;89;47
26/02/2014;9;5;6;0,1;27;69;16;111;51
27/02/2014;9;6;5;0,2;47;96;16;167;31
28/02/2014;10;4;4;0,2;8;59;39;71;54
01/03/2014;7;5;4;0,2;18;51;11;78;50
02/03/2014;7;5;4;0,1;16;62;10;85;38
03/03/2014;8;2;6;0,1;3;19;44;23;73
04/03/2014;5;2;6;0,2;8;34;17;47;67
05/03/2014;7;4;4;0,1;;;12;;47
06/03/2014;14;10;4;0,2;;;20;;40
07/03/2014;17;13;3;0,2;;;24;;50
08/03/2014;23;19;4;0,1;;;30;;50
09/03/2014;23;19;4;0,2;;;28;;64
10/03/2014;16;12;4;0,2;;;28;;48
11/03/2014;18;15;6;0,2;;;28;;48
12/03/2014;27;23;5;;;;29;;50
13/03/2014;;;;;;;;;58
14/03/2014;23;20;;;;;29;;40
15/03/2014;29;25;2;;;;38;;55
16/03/2014;23;19;0;;;;32;;46
17/03/2014;18;15;;0,2;;;28;;48
18/03/2014;27;22;;0,2;;;34;;49
19/03/2014;30;25;;0,2;;;37;;49
20/03/2014;25;19;;0,1;;;33;;48
21/03/2014;33;27;4;0,1;15;55;39;77;38
22/03/2014;19;14;2;0,1;4;29;27;35;40
23/03/2014;4;3;3;0;4;20;6;26;63
24/03/2014;6;3;0;0,1;8;25;15;37;54
25/03/2014;;;1;0;1;9;;11;77
26/03/2014;;;1;0;1;12;;14;71
27/03/2014;;;0;0;3;24;;29;71
28/03/2014;10;7;3;0,1;7;39;16;49;61
29/03/2014;18;12;3;0,1;0;12;22;13;89
30/03/2014;24;17;0;0,1;2;26;30;30;62
31/03/2014;22;18;0;0,1;24;46;29;82;50
01/04/2014;22;17;0;0,1;19;46;28;75;51
02/04/2014;28;20;0;0,1;6;53;39;61;46
03/04/2014;6;5;1;0,1;2;23;8;27;58
04/04/2014;2;1;2;0;2;11;7;13;80
05/04/2014;3;3;1;0,1;2;17;6;20;63
06/04/2014;6;5;1;0,1;3;28;10;32;51
07/04/2014;15;13;2;0,1;15;38;20;61;52
08/04/2014;27;25;1;0,1;5;32;31;40;59
09/04/2014;19;16;3;0,1;12;38;24;57;58
10/04/2014;20;15;2;0,2;18;51;28;78;49
11/04/2014;22;17;0;0,2;6;44;30;53;59
12/04/2014;21;17;2;0,2;5;33;27;40;59
13/04/2014;13;12;3;0,1;2;25;18;28;55
14/04/2014;16;13;1;0,2;21;45;23;77;28
15/04/2014;20;17;1;0,2;25;61;30;99;40
16/04/2014;20;17;1;0,2;3;28;25;33;71
17/04/2014;15;11;5;0,2;2;29;21;33;63
18/04/2014;20;16;2;0,2;3;35;27;40;51
19/04/2014;11;8;1;0,1;2;21;24;23;66
20/04/2014;8;6;2;0,1;1;11;14;13;62
21/04/2014;5;5;0;0,1;2;17;6;20;51
22/04/2014;4;3;2;0,1;7;30;6;40;45
23/04/2014;10;8;2;0,1;14;47;15;68;41
24/04/2014;11;9;2;0,2;9;38;17;51;48
25/04/2014;3;2;2;0,1;2;18;9;20;72
26/04/2014;4;3;2;0,1;2;10;9;13;55
27/04/2014;6;4;0;0,1;4;14;9;20;58
28/04/2014;8;5;0;0,1;5;33;12;40;45
29/04/2014;7;5;1;0,1;15;43;10;65;38
30/04/2014;7;6;1;0,2;9;45;11;60;43
01/05/2014;5;4;3;0,1;1;18;8;19;57
02/05/2014;5;3;2;0,1;8;26;16;38;45
03/05/2014;3;2;0;0,1;2;27;8;30;50
04/05/2014;6;5;2;0,1;2;18;8;21;51
05/05/2014;9;7;2;0,1;5;32;11;39;57
06/05/2014;10;8;3;0,1;8;35;12;47;60
07/05/2014;13;11;2;0,1;7;33;15;43;60
08/05/2014;11;10;1;0,1;4;24;13;29;75
09/05/2014;17;15;2;0,1;13;56;20;76;46
10/05/2014;10;8;3;0,1;11;39;15;55;62
11/05/2014;9;7;1;0;3;17;11;22;73
12/05/2014;9;7;3;0,1;3;22;11;27;64
13/05/2014;7;5;2;0,1;3;21;8;26;67
14/05/2014;;;5;0,1;6;32;;42;60
15/05/2014;;;1;0,1;9;35;;49;58
16/05/2014;6;5;1;0;4;27;8;33;79
17/05/2014;7;6;1;0,1;3;21;8;25;81
18/05/2014;7;6;4;0,1;1;18;9;20;80
19/05/2014;10;7;3;0,1;4;39;14;46;67
20/05/2014;13;10;0;0,1;8;28;16;39;68
21/05/2014;13;7;0;0,1;4;19;30;24;78
22/05/2014;4;2;3;0;2;12;17;15;67
23/05/2014;5;3;1;0;2;24;15;28;59
24/05/2014;7;5;1;0,1;4;22;8;28;59
25/05/2014;7;5;1;0,1;2;16;8;20;64
26/05/2014;9;8;0;0,1;5;25;10;33;54
27/05/2014;7;6;1;0,1;7;31;8;41;53
28/05/2014;9;8;3;0,1;4;32;12;37;51
29/05/2014;7;6;3;0;12;36;9;54;45
30/05/2014;8;7;1;0,2;8;35;10;46;46
31/05/2014;7;7;4;0;3;29;8;34;48
01/06/2014;6;5;4;0,1;2;17;7;20;61
02/06/2014;10;9;1;0,2;4;28;12;33;60
03/06/2014;13;12;4;0,2;4;37;17;43;62
04/06/2014;16;14;4;0,1;11;47;20;64;59
05/06/2014;9;7;1;0,1;4;19;11;26;60
06/06/2014;14;12;2;0,1;3;25;15;31;54
07/06/2014;17;15;3;0,1;3;22;18;26;61
08/06/2014;18;16;1;0,1;1;13;19;15;70
09/06/2014;18;16;3;0,1;3;19;20;25;60
10/06/2014;16;15;2;0,1;7;31;18;42;52
11/06/2014;11;9;4;0,1;8;52;14;64;51
12/06/2014;11;10;1;0,2;3;41;17;46;57
13/06/2014;14;12;1;0,2;2;45;20;48;54
14/06/2014;15;13;1;0,1;1;22;17;24;75
15/06/2014;8;7;0;0,1;0;11;10;12;88
16/06/2014;7;6;1;0,1;1;17;9;19;74
17/06/2014;9;8;3;0,1;1;20;10;22;67
18/06/2014;10;8;2;0,1;1;16;10;19;72
19/06/2014;8;7;2;0,1;2;20;8;22;70
20/06/2014;9;8;2;0,1;2;28;10;31;59
21/06/2014;11;10;2;0,1;1;23;13;24;64
22/06/2014;14;12;2;0;1;19;15;20;55
23/06/2014;17;14;1;0,1;2;18;18;21;54
24/06/2014;7;6;1;0,1;1;23;8;25;60
25/06/2014;7;7;1;0;1;30;8;32;52
26/06/2014;13;12;1;0;2;26;15;29;61
27/06/2014;15;14;2;0;2;28;16;31;72
28/06/2014;12;10;2;0;1;20;13;22;69
29/06/2014;9;7;3;0;1;14;10;15;58
30/06/2014;10;8;2;0,1;2;15;12;18;50
01/07/2014;14;12;2;0;1;21;16;23;60
02/07/2014;12;10;1;0;1;18;13;20;62
03/07/2014;11;9;1;0;1;14;12;16;63
04/07/2014;7;5;1;0,1;2;25;8;27;69
05/07/2014;8;7;1;0;1;20;11;22;78
06/07/2014;9;8;3;0,1;1;16;13;17;74
07/07/2014;8;7;1;0;2;17;10;20;59
08/07/2014;8;7;2;0;2;18;10;21;54
09/07/2014;8;7;2;0;2;21;10;24;58
10/07/2014;5;4;3;0;1;20;7;22;72
11/07/2014;8;6;3;0;2;23;11;25;59
12/07/2014;10;8;1;0;1;16;11;17;53
13/07/2014;11;10;1;0;1;11;12;12;52
14/07/2014;13;11;1;0,1;2;16;14;18;48
15/07/2014;13;11;3;0,1;2;17;14;19;49
16/07/2014;10;8;1;0;1;18;11;20;53
17/07/2014;10;8;4;0,1;2;22;11;24;53
18/07/2014;12;10;1;0,1;2;16;13;18;56
19/07/2014;15;12;3;0,1;1;17;17;19;64
20/07/2014;5;3;;0,1;;;13;;
21/07/2014;6;4;1;0,1;;;9;;
22/07/2014;7;5;1;0,1;;;9;;
23/07/2014;7;6;3;0,1;;;9;;
24/07/2014;9;7;3;0;;;11;;59
25/07/2014;10;9;2;0,1;;;11;;69
26/07/2014;11;9;1;0,1;;;12;;73
27/07/2014;15;13;1;0,1;;;15;;71
28/07/2014;16;14;3;0,1;;;18;;63
29/07/2014;10;8;2;0,2;5;19;12;27;67
30/07/2014;6;5;4;0,2;5;24;9;32;59
31/07/2014;9;7;2;0,2;7;27;10;38;63
01/08/2014;12;10;1;0,1;4;23;13;29;72
02/08/2014;15;13;3;0,1;2;21;18;25;84
03/08/2014;15;12;3;0,1;2;14;15;17;74
04/08/2014;14;12;3;0,1;4;16;15;23;64
05/08/2014;12;10;1;0,1;5;15;13;23;60
06/08/2014;15;12;1;0,1;5;16;16;24;53
07/08/2014;14;12;1;0,1;4;14;15;21;58
08/08/2014;12;10;2;0,1;3;17;13;22;70
09/08/2014;12;10;1;0,1;2;15;13;19;69
10/08/2014;12;10;2;0,2;2;19;15;22;69
11/08/2014;18;15;1;0,2;3;15;20;19;63
12/08/2014;14;12;1;0,2;3;14;16;19;68
13/08/2014;8;6;1;0,2;5;17;12;24;72
14/08/2014;5;3;2;0,2;3;15;7;20;83
15/08/2014;7;5;1;0,2;3;12;8;16;66
16/08/2014;7;6;1;0,2;2;13;8;16;85
17/08/2014;7;6;2;0,2;2;10;8;13;74
18/08/2014;7;5;2;0,2;4;20;8;26;64
19/08/2014;9;7;3;0,2;3;16;10;21;68
20/08/2014;12;10;1;0,1;3;16;13;20;69
21/08/2014;11;8;2;0,1;3;14;12;18;68
22/08/2014;13;11;2;0,2;4;18;15;23;64
23/08/2014;7;6;3;0,2;2;13;9;17;71
24/08/2014;10;8;4;0,2;2;14;11;17;65
25/08/2014;11;9;2;0,2;6;21;13;31;53
26/08/2014;12;9;1;0,2;8;31;19;43;
27/08/2014;15;11;1;0,1;4;23;17;30;70
28/08/2014;15;12;1;0,1;4;16;17;23;67
29/08/2014;32;28;1;0,1;3;14;35;18;68
30/08/2014;12;10;2;0,1;2;10;13;14;72
31/08/2014;9;8;1;0,2;2;15;11;18;64
01/09/2014;9;7;4;0,2;9;26;11;40;52
02/09/2014;17;12;2;0,2;5;23;21;31;57
03/09/2014;20;17;2;0,1;4;18;22;25;63
04/09/2014;15;13;1;0,1;8;23;18;35;65
05/09/2014;18;15;1;0,1;5;21;20;28;68
06/09/2014;22;18;1;0,1;3;17;24;22;60
07/09/2014;20;16;1;0,1;2;12;21;15;65
08/09/2014;11;9;2;0,1;8;22;13;34;54
09/09/2014;14;12;1;0,2;6;21;16;30;52
10/09/2014;17;14;2;0,2;9;24;20;38;55
11/09/2014;9;6;2;0,2;10;31;15;46;66
12/09/2014;7;5;4;0,2;10;34;12;50;75
13/09/2014;12;10;3;0,1;2;19;13;23;77
14/09/2014;14;11;2;0,2;2;18;16;22;66
15/09/2014;16;13;3;0,2;10;22;19;38;63
16/09/2014;12;10;1;0,2;4;18;14;24;74
17/09/2014;10;7;2;0,2;5;20;14;28;63
18/09/2014;6;4;5;0,2;4;23;9;28;61
19/09/2014;5;4;3;0,2;3;21;9;26;76
20/09/2014;9;7;3;0,2;3;22;11;27;63
21/09/2014;11;8;3;0,2;3;14;12;18;65
22/09/2014;8;6;3;0,2;6;28;10;36;41
23/09/2014;10;8;3;0,2;11;32;12;48;30
24/09/2014;12;11;3;0,2;8;25;14;37;35
25/09/2014;21;19;4;0,2;6;22;22;30;46
26/09/2014;32;29;3;0,2;7;36;34;47;25
27/09/2014;19;18;3;0,2;4;21;20;26;51
28/09/2014;13;12;4;0,2;2;12;13;15;55
29/09/2014;12;10;3;0,2;9;29;13;43;32
30/09/2014;9;8;3;0,2;8;23;10;35;38
01/10/2014;11;9;3;0,2;9;28;12;41;33
02/10/2014;13;12;4;0,2;9;33;14;46;28
03/10/2014;11;9;5;0,2;7;30;12;40;36
04/10/2014;15;14;3;0,2;10;23;16;38;42
05/10/2014;14;12;4;0,2;6;16;15;25;47
06/10/2014;17;15;3;0,2;9;30;19;44;36
07/10/2014;9;7;3;0,2;8;26;14;38;36
08/10/2014;9;7;3;0,2;21;33;13;65;26
09/10/2014;12;10;5;0,2;11;22;15;38;34
10/10/2014;13;10;3;0,2;16;19;17;44;30
11/10/2014;6;5;4;0,2;6;21;7;29;34
12/10/2014;4;2;3;0,2;2;12;5;16;49
13/10/2014;5;4;3;0,2;4;20;7;26;45
14/10/2014;6;5;3;0,2;4;25;7;31;39
15/10/2014;4;3;3;0,2;6;17;8;26;39
16/10/2014;6;5;4;0,1;3;14;9;17;34
17/10/2014;10;8;4;0,2;9;28;13;42;27
18/10/2014;18;15;5;0,2;13;35;20;55;22
19/10/2014;23;19;3;0,2;7;25;26;36;26
20/10/2014;23;17;3;0,2;23;45;33;80;19
21/10/2014;20;11;3;0,2;27;35;38;76;24
22/10/2014;10;5;4;0,2;6;27;22;36;38
23/10/2014;12;9;3;0,2;17;47;19;72;25
24/10/2014;12;8;5;0,2;27;48;21;89;23
25/10/2014;11;8;4;0,2;9;40;18;53;32
26/10/2014;13;10;4;0,2;4;21;18;26;40
27/10/2014;14;11;4;0,2;6;29;17;38;31
28/10/2014;19;16;3;0,2;12;35;23;53;25
29/10/2014;25;22;3;0,2;15;34;28;56;24
30/10/2014;30;26;3;0,2;13;36;34;55;20
31/10/2014;22;20;3;0,2;11;34;25;51;23
01/11/2014;24;22;3;0,2;4;24;26;30;30
02/11/2014;20;18;3;0,2;3;23;22;27;29
04/11/2014;4;3;4;0,2;2;17;5;19;41
05/11/2014;5;4;3;0,2;5;16;7;22;35
06/11/2014;5;4;4;0,2;10;24;7;38;28
07/11/2014;8;7;3;0,2;2;15;12;16;26
08/11/2014;10;8;4;0,2;3;15;13;18;
09/11/2014;4;4;3;0,2;3;13;4;15;
10/11/2014;7;6;3;0,2;11;28;8;44;
11/11/2014;13;12;4;0,2;23;37;14;72;
12/11/2014;4;4;3;0,2;3;23;5;25;
13/11/2014;5;4;4;0,2;2;17;6;18;
14/11/2014;6;5;3;0,2;12;23;7;40;
15/11/2014;3;2;3;0,2;2;5;6;7;
16/11/2014;4;3;4;0,2;2;5;4;7;
17/11/2014;5;4;4;0,2;4;19;7;24;
18/11/2014;7;6;5;0,2;16;31;9;55;
19/11/2014;16;14;5;0,2;24;31;17;67;
20/11/2014;21;18;3;0,2;6;25;22;33;
21/11/2014;25;23;3;0,3;18;37;28;65;
22/11/2014;27;24;3;0,2;6;25;29;34;
23/11/2014;24;21;3;0,3;;;26;;
24/11/2014;16;12;3;;;;20;;23
25/11/2014;19;15;3;;;;24;;20
26/11/2014;8;6;4;;;;10;;33
27/11/2014;13;11;4;;;;14;;25
28/11/2014;13;11;3;;;;15;;31
29/11/2014;5;4;6;;;;6;;52
02/12/2014;5;4;3;;20;28;6;58;30
03/12/2014;7;6;3;;15;26;8;48;19
04/12/2014;14;13;4;;38;31;16;89;7
05/12/2014;8;7;3;;16;23;9;47;21
06/12/2014;5;4;4;;11;17;6;33;42
07/12/2014;3;3;4;;5;8;4;14;63
08/12/2014;6;5;4;0,1;14;19;7;39;33
09/12/2014;3;2;4;0,1;4;5;6;10;63
10/12/2014;12;10;4;0,1;41;42;14;105;23
11/12/2014;10;9;4;0,1;47;42;12;113;16
12/12/2014;13;12;4;0,2;51;44;15;122;17
13/12/2014;17;15;4;0,1;;;19;;27
14/12/2014;15;13;3;0,1;12;18;17;36;30
15/12/2014;5;5;4;0,1;21;28;6;60;38
16/12/2014;5;4;3;0,1;21;25;6;57;32
17/12/2014;6;5;4;0,1;52;43;8;123;23
18/12/2014;10;8;4;0,1;44;53;11;120;12
19/12/2014;19;17;4;0,1;58;46;21;135;7
20/12/2014;24;23;3;0,2;32;35;25;85;12
21/12/2014;14;13;3;0,1;36;42;15;97;16
22/12/2014;19;17;3;;43;47;20;114;14
23/12/2014;18;16;4;;41;53;19;117;12
24/12/2014;20;18;3;;28;38;21;80;15
25/12/2014;18;17;3;;26;29;19;69;26
26/12/2014;13;11;3;;45;57;14;126;15
27/12/2014;10;8;3;;24;27;14;63;30
28/12/2014;7;5;3;;21;15;11;46;58
29/12/2014;7;6;3;;25;26;9;64;41
30/12/2014;12;10;4;;40;44;15;106;20
31/12/2014;16;14;4;;32;29;18;78;15
01/01/2015;17;15;3;;6;18;18;27;29
02/01/2015;16;14;4;;35;38;18;92;14
03/01/2015;16;15;3;;33;34;19;84;13
04/01/2015;14;13;3;;12;23;15;41;26
05/01/2015;21;19;3;;23;31;23;66;17
06/01/2015;29;27;3;;11;21;30;38;21
07/01/2015;27;25;3;;24;33;29;70;16
08/01/2015;30;27;3;;32;33;32;83;15
09/01/2015;23;21;5;;49;43;27;118;11
10/01/2015;17;15;3;;30;32;19;79;14
11/01/2015;14;13;4;;23;27;16;62;21
12/01/2015;15;14;3;0,3;18;33;16;61;20
13/01/2015;23;20;3;0,3;35;43;26;97;17
14/01/2015;20;17;4;0,3;31;45;23;92;17
15/01/2015;18;16;4;0,3;48;47;24;120;18
16/01/2015;8;5;3;0,5;6;20;18;28;48
17/01/2015;8;7;3;0,4;7;23;10;34;43
18/01/2015;11;9;3;0,3;5;23;12;31;34
19/01/2015;8;7;4;0,3;11;31;9;47;16
20/01/2015;9;8;3;0,4;27;38;11;79;19
21/01/2015;9;8;3;0,3;15;24;11;46;31
22/01/2015;5;4;3;;6;24;6;32;40
23/01/2015;3;3;4;;4;14;5;20;60
24/01/2015;6;5;3;0,3;7;22;8;31;48
25/01/2015;4;3;3;;7;21;6;31;62
26/01/2015;13;10;3;;32;50;17;98;24
27/01/2015;10;8;3;0,2;18;24;14;50;42
28/01/2015;8;7;3;0,3;18;38;11;66;34
29/01/2015;7;6;3;0,2;4;13;15;18;39
30/01/2015;7;2;3;0,1;2;4;41;6;56
31/01/2015;2;1;3;0,1;2;4;2;6;67
01/02/2015;1;1;3;0,1;2;4;2;6;73
02/02/2015;3;3;5;0,1;2;4;5;6;50
03/02/2015;2;1;4;0,1;2;9;5;11;64
04/02/2015;2;2;3;0,1;2;11;3;12;65
05/02/2015;4;2;4;0,1;2;8;9;9;67
06/02/2015;3;3;3;;4;19;5;24;57
07/02/2015;11;10;3;;14;35;12;56;18
08/02/2015;7;6;3;;3;15;8;18;48
09/02/2015;10;8;3;;10;33;11;48;37
10/02/2015;8;7;3;;8;36;10;48;47
11/02/2015;10;9;3;0,1;4;33;11;38;47
12/02/2015;12;11;4;0,1;16;42;13;66;21
13/02/2015;8;7;4;0,2;32;35;10;83;26
14/02/2015;4;3;3;0,2;3;11;5;14;61
15/02/2015;2;2;3;0,2;4;13;3;17;54
16/02/2015;5;4;4;0,2;17;31;6;56;40
17/02/2015;5;4;3;0,1;3;21;5;23;49
18/02/2015;7;6;3;0,1;10;34;8;49;37
19/02/2015;14;13;3;;13;42;15;61;37
20/02/2015;14;13;3;;4;32;15;37;51
21/02/2015;9;8;3;;2;14;10;16;58
22/02/2015;2;2;3;;3;15;3;18;70
23/02/2015;4;3;3;;2;15;6;17;43
24/02/2015;2;1;3;;2;7;4;8;73
25/02/2015;2;1;3;;2;9;5;11;68
26/02/2015;2;1;4;;5;19;4;25;56
27/02/2015;3;1;4;;4;12;13;17;69
28/02/2015;5;4;3;;5;44;6;49;55
01/03/2015;5;4;7;;3;17;6;19;47
02/03/2015;4;3;3;;6;24;7;32;37
03/03/2015;7;6;3;;14;46;9;68;34
04/03/2015;13;11;3;;10;28;20;43;50
05/03/2015;;;5;;19;37;;66;62
06/03/2015;;;3;;19;52;;79;41
07/03/2015;11;10;4;;12;45;15;61;47
08/03/2015;15;14;4;;5;40;18;46;55
09/03/2015;18;16;3;0,4;21;67;23;97;38
10/03/2015;21;18;3;0,3;23;67;26;100;45
11/03/2015;31;28;3;0,3;32;90;39;138;28
12/03/2015;27;24;3;0,3;17;64;35;89;56
13/03/2015;31;28;3;0,2;6;45;36;53;66
14/03/2015;13;11;3;0,3;5;39;16;46;55
15/03/2015;8;7;5;0,2;12;28;10;47;73
16/03/2015;12;11;3;0,3;20;45;13;75;52
17/03/2015;16;15;3;0,2;11;40;18;55;61
18/03/2015;10;9;3;0,1;5;29;11;36;67
19/03/2015;17;15;3;0,1;5;8;18;15;87
20/03/2015;13;11;3;0,2;4;13;14;18;85
21/03/2015;7;5;5;0,1;3;16;9;21;73
22/03/2015;5;4;4;0,2;3;18;5;23;68
23/03/2015;11;8;3;0,1;7;33;13;44;70
24/03/2015;9;7;4;0,2;4;25;11;30;70
25/03/2015;2;2;3;0,3;3;16;3;20;79
26/03/2015;4;3;5;0,2;21;44;7;76;62
27/03/2015;3;2;3;0,2;9;20;5;33;55
28/03/2015;4;4;3;0,1;6;31;6;39;51
29/03/2015;6;5;3;0,1;6;36;8;44;46
30/03/2015;6;4;3;0,2;27;50;11;91;40
31/03/2015;8;6;3;0,2;23;73;14;108;40
01/04/2015;8;7;3;0,1;17;53;12;79;48
02/04/2015;8;7;4;0,2;11;39;11;56;51
03/04/2015;15;13;4;0,1;4;21;17;28;63
04/04/2015;11;9;4;0,1;4;21;13;27;68
05/04/2015;9;8;3;0,2;5;15;11;21;66
06/04/2015;5;4;4;0,2;;;6;;88
07/04/2015;6;4;9;0,3;;;7;;87
08/04/2015;5;4;3;;;;7;;88
09/04/2015;5;4;4;;;;6;;88
10/04/2015;9;8;3;;;;11;;61
11/04/2015;15;13;3;0,1;4;35;17;38;49
12/04/2015;15;14;3;0,1;2;22;17;22;66
13/04/2015;12;10;3;0,1;3;33;13;35;64
14/04/2015;14;12;4;0,1;12;47;18;64;43
15/04/2015;17;14;4;0,2;9;55;21;66;35
16/04/2015;13;11;4;0,2;16;35;17;56;45
17/04/2015;8;7;3;0,1;8;36;11;46;49
18/04/2015;16;15;3;0,2;5;35;18;41;54
19/04/2015;3;2;5;0,2;2;17;5;16;71
20/04/2015;5;4;3;0,2;7;30;6;39;59
21/04/2015;8;7;3;0,1;8;30;10;40;57
22/04/2015;11;10;3;0,1;10;36;13;49;53
23/04/2015;16;14;4;0,2;20;44;20;72;43
24/04/2015;20;18;4;0,1;8;41;24;51;53
25/04/2015;17;15;3;0,1;5;30;22;33;47
26/04/2015;7;6;3;0,2;2;17;14;15;58
27/04/2015;3;1;3;0,3;2;13;6;11;71
28/04/2015;5;3;4;0,2;9;32;8;42;54
29/04/2015;10;9;3;0,1;6;35;13;42;54
30/04/2015;17;15;4;0,1;12;38;19;56;54
01/05/2015;13;11;3;0,2;6;26;18;36;44
02/05/2015;10;8;4;0,2;8;37;13;49;46
03/05/2015;14;13;4;0,1;5;35;19;43;52
04/05/2015;17;15;5;0,1;6;29;19;38;90
05/05/2015;6;4;3;0,2;3;20;12;23;68
06/05/2015;6;5;3;0,2;5;29;10;36;76
07/05/2015;11;9;3;0,1;6;29;13;38;74
08/05/2015;9;7;3;0,2;9;32;19;45;60
09/05/2015;11;9;4;0,1;5;30;14;36;73
10/05/2015;9;8;5;0,1;4;26;11;32;68
11/05/2015;7;6;4;0,2;8;37;9;49;70
12/05/2015;9;8;4;0,2;12;39;12;57;67
13/05/2015;15;12;3;0,2;14;48;19;69;59
14/05/2015;20;13;3;;28;38;48;81;63
15/05/2015;6;3;4;0,2;4;19;21;25;88
16/05/2015;3;2;5;0,2;3;21;6;25;92
17/05/2015;4;3;6;0,2;4;23;5;29;80
18/05/2015;6;5;3;0,2;;;9;;71
19/05/2015;7;6;4;0,2;;;8;;72
20/05/2015;4;3;4;0,2;;;4;;76
21/05/2015;3;2;3;0,2;;;4;;82
22/05/2015;5;4;5;0,2;;;6;;75
23/05/2015;6;5;4;0,2;;;7;;69
24/05/2015;5;5;4;0,1;;;7;;68
25/05/2015;7;6;3;0,1;;;10;;57
26/05/2015;7;6;4;0,1;;;9;;59
27/05/2015;9;8;3;0,2;;;11;;60
28/05/2015;13;12;3;0,1;;;15;;66
29/05/2015;10;8;3;0,1;;;11;;70
30/05/2015;11;10;3;0,1;;;12;;75
31/05/2015;10;9;3;0,1;;;11;;73
01/06/2015;12;11;3;0,1;;;13;;76
02/06/2015;13;12;3;0,1;;;15;;76
03/06/2015;10;9;4;0,2;;;12;;64
04/06/2015;9;7;6;0,2;;;11;;58
05/06/2015;10;9;3;0,1;5;29;13;35;66
06/06/2015;10;8;3;0,2;3;26;12;28;61
07/06/2015;7;6;3;0,2;2;22;9;23;65
08/06/2015;8;7;3;0,2;5;30;12;36;77
09/06/2015;15;13;4;0,2;9;30;18;44;80
10/06/2015;17;16;3;0,1;5;18;19;26;89
11/06/2015;22;20;3;0,1;6;25;24;34;64
12/06/2015;14;13;3;0,1;5;23;17;30;65
13/06/2015;15;13;3;0,1;4;16;16;22;70
15/06/2015;7;5;3;0,2;7;25;9;35;77
16/06/2015;5;5;3;0,1;7;28;6;39;70
17/06/2015;9;7;3;0,1;9;32;11;45;57
18/06/2015;10;8;3;0,1;8;33;12;44;60
19/06/2015;10;8;3;0,1;7;29;13;38;73
20/06/2015;12;11;3;0,1;4;18;14;23;64
21/06/2015;12;11;4;0,1;3;21;14;25;66
22/06/2015;11;9;3;0,1;7;28;13;38;64
23/06/2015;7;6;3;0,1;4;30;10;35;76
24/06/2015;8;6;5;0,1;4;20;9;25;75
25/06/2015;10;8;3;0,1;9;31;12;44;63
26/06/2015;12;10;3;0,1;8;40;15;51;62
27/06/2015;20;17;3;0,1;5;31;23;37;66
28/06/2015;17;15;3;0,1;2;19;20;22;74
29/06/2015;19;18;3;0,1;3;20;21;25;78
30/06/2015;11;10;5;0,2;6;30;14;38;69
01/07/2015;24;22;3;0,1;5;24;28;32;58
02/07/2015;19;16;3;0,1;3;22;23;26;71
03/07/2015;21;17;3;0,1;4;17;24;22;79
04/07/2015;16;14;3;0,1;3;20;18;23;78
05/07/2015;20;18;3;0,2;2;18;22;20;81
06/07/2015;24;22;3;0,1;8;38;29;50;57
07/07/2015;22;19;3;0,2;11;40;28;56;57
08/07/2015;25;22;3;0,1;3;23;29;28;68
09/07/2015;27;22;3;0,1;4;18;30;23;58
10/07/2015;19;14;3;0,1;8;21;23;32;52
11/07/2015;30;26;3;0,1;2;12;33;14;56
12/07/2015;16;14;3;0,1;3;16;19;20;54
13/07/2015;34;30;4;0,1;6;19;38;27;47
14/07/2015;32;28;3;0,1;5;18;36;26;46
15/07/2015;20;18;3;0,1;5;20;23;26;57
16/07/2015;14;12;3;;4;26;16;31;64
17/07/2015;16;14;3;0,1;6;30;18;38;59
18/07/2015;26;24;3;0,1;3;19;29;23;60
19/07/2015;23;21;3;0,1;4;20;25;25;52
20/07/2015;49;45;3;0,1;8;20;53;30;54
21/07/2015;36;33;3;0,1;5;19;39;26;56
22/07/2015;14;13;3;0,1;3;19;16;23;64
23/07/2015;14;13;3;0,2;5;26;16;32;52
24/07/2015;25;23;3;0,1;7;31;28;42;56
25/07/2015;17;15;3;0,2;3;13;19;16;63
26/07/2015;29;26;3;0,1;2;11;32;13;57
27/07/2015;39;36;3;0,1;10;19;42;34;45
28/07/2015;37;35;3;0,1;3;13;41;17;51
29/07/2015;32;30;3;0,1;4;17;35;23;38
30/07/2015;13;11;3;0,1;3;15;14;18;38
31/07/2015;13;11;3;0,1;4;17;14;22;36
01/08/2015;5;5;3;0,2;2;13;5;15;50
02/08/2015;7;7;3;0,2;2;14;8;17;52
03/08/2015;12;11;3;0,1;4;19;13;24;43
04/08/2015;17;15;3;0,1;5;22;18;29;43
05/08/2015;13;12;3;0,1;3;17;15;22;47
06/08/2015;33;31;3;0,1;4;17;35;22;41
07/08/2015;32;30;3;0,1;4;23;35;27;
08/08/2015;24;22;3;0,1;3;18;26;21;
09/08/2015;8;7;3;0,1;2;13;9;16;
10/08/2015;12;11;3;0,1;5;18;13;24;
11/08/2015;22;20;3;0,1;3;18;24;22;
12/08/2015;25;23;3;0,1;4;16;27;21;
13/08/2015;5;4;3;0,3;5;18;10;24;58
14/08/2015;2;1;3;0,2;4;21;3;27;67
15/08/2015;3;3;3;0,1;2;14;3;17;65
16/08/2015;4;3;3;0,2;2;13;4;15;67
17/08/2015;6;5;3;0,1;5;22;6;28;59
18/08/2015;3;3;3;0,1;2;16;4;18;68
19/08/2015;4;4;3;0,1;2;15;4;17;72
20/08/2015;7;6;3;0,1;3;20;8;25;66
21/08/2015;7;7;3;0,1;5;22;8;29;
24/08/2015;2;2;3;0,2;2;11;4;13;71
25/08/2015;3;3;3;0,1;3;18;4;22;69
26/08/2015;4;3;3;0,1;3;19;4;22;
27/08/2015;3;3;3;0,1;5;19;4;26;
28/08/2015;4;4;3;0,1;6;23;5;31;62
29/08/2015;4;4;3;0,1;3;15;5;19;64
30/08/2015;8;8;3;0,1;3;13;9;17;64
31/08/2015;13;11;3;0,1;4;24;14;30;53
01/09/2015;5;4;3;0,2;10;22;6;37;61
02/09/2015;5;4;3;0,2;4;20;5;26;69
03/09/2015;7;6;3;0,1;6;22;7;30;71
04/09/2015;3;3;3;0,2;3;17;4;21;79
05/09/2015;4;3;3;0,2;3;19;4;24;65
06/09/2015;5;5;3;0,2;2;18;6;20;61
07/09/2015;8;8;3;0,2;13;39;9;60;31
08/09/2015;6;5;3;0,2;7;30;6;41;51
09/09/2015;6;6;3;0,1;11;29;7;45;57
10/09/2015;11;10;3;0,1;13;32;12;51;61
11/09/2015;10;9;3;0,1;6;24;11;33;79
12/09/2015;9;8;3;0,1;3;26;10;30;70
13/09/2015;6;6;3;0,2;2;15;8;18;65
14/09/2015;3;2;3;0,2;3;17;4;20;63
15/09/2015;4;4;4;0,2;6;28;6;36;59
16/09/2015;3;2;3;0,2;2;13;5;16;66
17/09/2015;2;1;3;0,2;2;12;3;14;76
18/09/2015;3;2;3;0,2;5;24;3;31;63
19/09/2015;3;3;3;0,1;3;21;3;24;67
20/09/2015;2;2;3;0,2;3;18;3;23;67
21/09/2015;4;3;3;0,2;12;32;5;50;61
22/09/2015;6;6;4;0,2;11;32;7;48;61
23/09/2015;8;7;3;0,3;7;33;9;43;50
24/09/2015;3;2;5;0,2;7;30;4;40;53
25/09/2015;4;4;4;0,1;6;34;5;43;52
26/09/2015;7;7;3;0,2;4;24;8;30;64
27/09/2015;7;6;3;0,1;3;23;7;26;48
28/09/2015;5;4;3;0,1;9;28;5;41;42
29/09/2015;5;4;3;0,1;5;22;5;29;57
30/09/2015;3;3;3;0,1;8;27;4;38;60
01/10/2015;;;3;0,1;9;29;;41;53
02/10/2015;;;3;0,1;9;26;;39;59
03/10/2015;;;4;0,1;8;38;;49;35
04/10/2015;;;3;0,1;5;28;;35;41
05/10/2015;;;3;0,1;6;19;;28;43
06/10/2015;;;3;0,2;2;14;;17;58
07/10/2015;;;3;0,2;8;30;;41;50
08/10/2015;;;3;0,1;10;37;;51;29
09/10/2015;;;3;0,1;4;23;;28;45
10/10/2015;;;3;0,1;5;24;;31;47
11/10/2015;;;3;0,1;3;21;;25;42
12/10/2015;;;3;0,1;5;26;;33;33
13/10/2015;;;3;0,1;7;29;;39;30
14/10/2015;;;3;0,1;11;34;;50;38
15/10/2015;;;3;0,1;12;34;;52;42
16/10/2015;;;3;0,1;4;30;;35;51
17/10/2015;;;3;0,1;3;21;;25;70
18/10/2015;;;3;0,1;4;23;;28;60
19/10/2015;;;3;0,1;3;23;;28;47
20/10/2015;;;3;0,1;5;29;;37;32
21/10/2015;;;3;0,2;;;;;40
22/10/2015;;;4;0,2;34;60;;111;46
23/10/2015;;;4;0,2;42;80;;144;31
24/10/2015;;;3;0,2;12;61;;79;42
25/10/2015;;;3;0,2;5;26;;32;57
26/10/2015;;;3;0,1;9;49;;63;48
27/10/2015;;;3;0,2;20;52;;82;40
28/10/2015;;;3;0,2;5;35;;41;59
29/10/2015;;;3;0,2;11;54;;70;48
30/10/2015;;;3;0,2;21;60;;92;44
31/10/2015;;;3;0,1;6;36;;44;52
01/11/2015;;;3;0,1;3;21;;25;79
02/11/2015;;;3;0,2;9;49;;63;57
03/11/2015;;;3;0,2;29;64;;109;30
04/11/2015;;;3;0,1;33;59;;109;34
05/11/2015;;;3;0,2;23;53;;88;42
06/11/2015;;;4;0,2;48;74;;147;26
07/11/2015;;;3;0,2;20;61;;92;35
08/11/2015;;;3;0,2;12;51;;69;39
09/11/2015;;;4;0,2;48;60;;133;31
10/11/2015;;;5;0,2;54;63;;145;28
11/11/2015;;;5;0,2;66;71;;172;24
12/11/2015;;;4;0,2;37;57;;113;27
13/11/2015;;;3;0,2;17;69;;94;35
14/11/2015;;;3;0,1;13;72;;92;37
15/11/2015;;;3;0,1;14;55;;77;35
16/11/2015;22;19;4;0,2;50;66;24;142;21
17/11/2015;22;19;5;0,2;55;72;23;157;21
18/11/2015;25;22;5;0,2;52;79;27;159;23
19/11/2015;24;20;4;0,2;55;86;25;169;22
20/11/2015;15;12;4;0,2;37;68;17;125;30
21/11/2015;8;4;3;0,2;2;27;12;29;66
22/11/2015;6;5;3;;15;52;7;74;54
23/11/2015;8;6;4;;19;63;9;92;39
24/11/2015;11;9;4;0,3;28;54;12;96;37
25/11/2015;7;5;3;0,1;4;27;8;33;46
26/11/2015;8;3;3;0,1;3;11;12;15;79
27/11/2015;9;7;4;0,2;25;45;10;83;46
28/11/2015;10;8;3;0,2;17;50;11;76;27
29/11/2015;11;9;3;;8;28;11;38;42
30/11/2015;20;17;6;;68;60;21;164;22
01/12/2015;28;25;5;;;;29;;20
02/12/2015;32;29;5;;;;34;;19
03/12/2015;33;30;5;;;;34;;20
04/12/2015;38;34;4;;;;39;;13
05/12/2015;43;39;4;0,2;14;35;43;55;30
06/12/2015;43;40;3;0,2;10;34;44;50;28
07/12/2015;40;37;3;0,3;20;42;40;73;20
08/12/2015;32;29;3;0,2;18;38;33;65;20
09/12/2015;27;25;4;0,2;31;40;28;87;18
10/12/2015;28;25;4;0,3;48;66;29;140;12
11/12/2015;30;27;4;0,2;44;65;30;133;9
12/12/2015;30;27;3;0,3;19;49;31;78;19
13/12/2015;20;18;3;0,2;7;34;20;44;28
14/12/2015;19;17;3;0,4;46;58;20;129;17
15/12/2015;26;20;3;0,4;69;68;28;174;15
16/12/2015;23;18;4;0,3;62;73;25;168;10
17/12/2015;27;24;4;0,3;71;71;29;180;9
18/12/2015;33;31;5;0,4;88;82;34;216;8
19/12/2015;35;32;4;0,4;49;61;36;136;10
20/12/2015;38;36;4;0,3;21;41;39;72;19
21/12/2015;34;32;4;0,3;55;69;35;153;15
22/12/2015;29;27;3;0,3;32;55;29;104;19
23/12/2015;29;27;3;0,3;38;62;30;121;10
24/12/2015;30;29;3;0,2;27;60;30;101;16
25/12/2015;26;25;3;0,3;13;41;26;60;19
26/12/2015;22;21;3;0,2;11;34;22;51;31
27/12/2015;18;18;3;0,3;8;34;18;45;30
28/12/2015;22;22;3;0,2;38;60;22;119;21
29/12/2015;18;18;4;0,2;30;52;19;98;17
30/12/2015;10;9;3;0,4;48;56;11;129;22
31/12/2015;9;9;3;0,1;5;26;10;34;39
01/01/2016;19;19;3;0,2;9;31;19;44;23
02/01/2016;4;4;3;0,2;4;20;5;25;48
03/01/2016;4;3;3;0,1;3;15;5;18;48
04/01/2016;7;2;3;0,1;2;9;17;11;48
05/01/2016;2;2;3;0,2;5;25;3;33;48
06/01/2016;2;2;3;0,3;2;7;3;10;61
07/01/2016;3;2;3;0,1;3;11;5;15;53
08/01/2016;4;4;3;0,1;4;26;6;32;44
09/01/2016;4;4;3;0,1;2;12;6;14;61
10/01/2016;2;1;4;0,2;2;8;3;10;67
11/01/2016;2;1;4;0,2;3;13;4;16;63
12/01/2016;3;2;3;0,4;3;22;4;27;50
13/01/2016;10;9;4;0,3;27;55;11;97;22
14/01/2016;12;11;3;0,2;12;46;13;63;30
15/01/2016;7;6;4;0,2;16;29;8;53;38
16/01/2016;4;2;3;0,3;3;17;9;21;58
17/01/2016;12;11;3;0,3;13;48;13;68;30
18/01/2016;12;10;3;0,4;27;26;12;67;28
19/01/2016;10;9;4;0,3;18;46;10;73;26
20/01/2016;15;14;5;0,2;30;34;15;79;28
21/01/2016;15;14;6;0,4;35;26;15;80;20
22/01/2016;15;15;4;0,3;;;16;;20
23/01/2016;23;23;4;0,2;;;23;;15
24/01/2016;31;31;4;0,3;;;32;;31
25/01/2016;29;28;3;0,2;;;29;;31
26/01/2016;29;28;3;0,2;;;29;;22
27/01/2016;25;24;4;0,3;;;25;;29
28/01/2016;19;18;3;0,3;;;19;;30
29/01/2016;20;19;4;0,3;;;20;;15
30/01/2016;14;14;3;0,2;6;34;14;42;34
31/01/2016;7;7;3;0,2;2;18;7;19;51
01/02/2016;6;5;4;0,2;27;52;6;92;29
02/02/2016;11;11;4;0,3;45;60;12;128;20
03/02/2016;10;10;4;0,3;25;40;10;77;36
04/02/2016;4;3;3;0,5;18;51;4;78;44
05/02/2016;7;7;4;0,2;14;51;7;71;39
06/02/2016;11;10;5;0,3;23;58;11;92;30
07/02/2016;2;2;3;0,3;2;10;3;11;84
08/02/2016;2;1;4;0,2;2;13;2;14;76
09/02/2016;2;1;3;0,1;;;4;;74
10/02/2016;2;1;3;0,2;2;11;2;13;72
11/02/2016;2;2;3;0,2;8;26;2;38;53
12/02/2016;2;1;3;0,1;2;13;2;15;61
13/02/2016;1;1;3;0,1;2;4;2;6;58
14/02/2016;2;1;3;0,2;2;4;3;6;91
15/02/2016;2;1;3;0,4;2;9;2;11;84
16/02/2016;4;3;3;0,4;9;35;4;48;59
17/02/2016;6;5;3;0,3;21;39;7;70;50
18/02/2016;6;5;3;0,2;4;28;6;33;61
19/02/2016;7;7;4;0,3;15;42;8;64;44
20/02/2016;8;8;4;0,3;7;29;8;38;54
21/02/2016;8;8;3;0,2;2;15;8;16;66
22/02/2016;;;3;0,3;18;51;;77;42
23/02/2016;;;3;0,2;11;38;;54;46
24/02/2016;;;5;0,2;19;34;;63;52
25/02/2016;;;3;0,2;3;20;;24;75
26/02/2016;;;4;0,1;3;30;;34;68
27/02/2016;;;3;0,3;2;7;;10;91
28/02/2016;;;3;0,2;4;16;;20;81
29/02/2016;;;3;0,3;2;16;;18;92
01/03/2016;;;3;0,3;29;69;;113;46
02/03/2016;3;2;3;0,2;6;40;6;49;53
03/03/2016;3;2;4;0,2;27;46;4;87;51
04/03/2016;4;3;3;0,1;6;25;11;33;56
05/03/2016;2;1;3;0,2;2;5;5;7;71
06/03/2016;2;1;3;0,2;2;19;5;21;56
07/03/2016;3;3;4;0,2;4;22;5;27;33
08/03/2016;2;1;4;0,2;8;22;2;33;56
09/03/2016;2;2;3;0,2;7;19;4;28;48
10/03/2016;3;2;3;0,2;8;27;4;39;53
11/03/2016;6;5;3;0,3;19;38;7;66;40
12/03/2016;9;8;4;0,2;5;24;9;31;54
13/03/2016;15;14;4;0,2;2;13;15;16;67
14/03/2016;15;14;4;0,2;4;26;15;31;68
15/03/2016;12;11;4;0,2;4;27;12;33;63
16/03/2016;12;11;3;0,3;9;31;13;44;51
17/03/2016;9;9;5;0,2;6;27;10;36;53
18/03/2016;12;11;3;0,3;4;31;12;37;55
19/03/2016;15;14;3;0,1;3;31;15;35;49
20/03/2016;13;12;3;0,2;4;17;13;22;51
21/03/2016;12;11;3;0,2;6;24;12;32;55
22/03/2016;9;8;3;0,2;5;23;9;30;48
23/03/2016;8;7;3;0,3;7;35;8;44;45
24/03/2016;10;10;3;0,3;3;22;11;25;63
25/03/2016;13;11;3;0,3;3;21;13;23;58
26/03/2016;9;8;3;0,1;3;19;9;23;52
27/03/2016;4;3;3;0,2;2;6;5;8;66
28/03/2016;3;2;3;0,1;2;6;4;8;65
29/03/2016;7;5;4;0,2;3;22;7;25;56
30/03/2016;16;15;3;0,1;16;35;16;59;43
31/03/2016;10;8;3;0,2;8;16;13;27;60
01/04/2016;4;3;3;0,4;6;24;5;33;57
02/04/2016;6;5;3;0,2;3;18;6;20;64
03/04/2016;8;7;3;0,1;3;18;8;21;65
04/04/2016;10;9;3;0,1;4;25;10;30;52
05/04/2016;4;3;3;0,2;6;20;4;28;39
06/04/2016;5;4;3;0,2;5;27;5;34;46
07/04/2016;8;7;3;0,1;10;25;8;40;52
08/04/2016;2;2;3;0,2;3;13;3;17;68
09/04/2016;5;4;4;0,1;5;24;5;29;51
10/04/2016;7;7;4;0,2;3;22;8;25;58
11/04/2016;4;3;3;0,2;3;15;4;18;67
12/04/2016;6;5;3;0,1;6;25;6;34;54
13/04/2016;3;2;3;0,3;2;7;4;8;77
14/04/2016;6;5;3;0,2;10;20;7;34;60
15/04/2016;13;12;6;0,2;23;38;14;73;43
16/04/2016;4;3;3;0,2;2;10;5;13;65
17/04/2016;3;2;3;0,2;2;7;4;9;74
18/04/2016;4;3;3;0,1;4;14;5;19;65
19/04/2016;5;4;3;0,2;3;15;5;19;74
20/04/2016;8;7;3;0,1;2;19;9;21;76
21/04/2016;10;8;4;0,3;3;13;11;16;77
22/04/2016;23;20;3;0,1;5;29;23;36;48
23/04/2016;14;13;4;0,2;3;15;15;18;58
24/04/2016;4;3;4;;2;9;5;11;72
25/04/2016;9;7;3;0,2;7;22;10;31;65
26/04/2016;13;11;4;0,2;9;27;14;39;58
27/04/2016;17;15;3;0,1;10;22;18;36;56
28/04/2016;16;14;3;0,1;2;16;16;18;59
29/04/2016;16;14;4;0,2;4;20;16;25;60
30/04/2016;21;20;3;0,2;3;18;22;22;52
01/05/2016;4;3;4;0,4;2;7;5;9;78
02/05/2016;8;7;3;0,2;4;23;9;27;66
03/05/2016;13;11;3;0,2;9;29;14;42;68
04/05/2016;15;13;3;0,1;5;24;16;31;79
05/05/2016;21;19;4;0,1;7;36;21;45;54
06/05/2016;19;17;3;0,1;5;21;20;28;74
07/05/2016;17;15;3;0,1;2;11;17;12;94
08/05/2016;16;15;3;0,1;2;13;17;15;82
09/05/2016;14;13;3;0,2;8;30;15;41;45
10/05/2016;12;11;3;0,2;9;30;13;43;30
11/05/2016;11;9;3;0,2;4;17;12;22;62
12/05/2016;6;4;3;0,1;2;9;8;12;74
13/05/2016;9;6;3;0,2;4;18;11;23;64
14/05/2016;9;6;3;0,2;3;17;10;21;61
15/05/2016;17;14;4;0,2;2;15;18;18;77
16/05/2016;26;20;3;0,2;6;20;28;28;67
17/05/2016;37;30;3;0,1;8;21;39;33;60
18/05/2016;41;33;3;0,2;7;21;43;30;59
19/05/2016;27;21;3;;4;23;29;29;55
20/05/2016;20;15;4;;10;28;22;42;48
21/05/2016;19;14;3;;5;14;21;21;60
22/05/2016;14;9;4;;2;7;17;9;67
23/05/2016;9;5;3;0,1;4;12;10;18;57
24/05/2016;12;6;4;0,1;7;18;14;28;54
25/05/2016;19;12;4;0,1;6;18;21;27;58
26/05/2016;22;15;3;0,1;3;11;24;16;74
27/05/2016;26;19;3;0,1;4;15;28;20;70
28/05/2016;22;15;3;0,2;5;15;27;22;61
29/05/2016;5;3;4;0,1;2;4;6;6;71
30/05/2016;8;5;3;0,1;7;18;9;27;69
31/05/2016;10;7;3;0,1;6;24;12;32;53
01/06/2016;11;9;4;0,1;4;19;13;26;76
02/06/2016;14;11;3;;6;21;15;30;69
03/06/2016;14;11;3;;5;20;15;27;67
04/06/2016;19;15;3;;4;26;21;32;52
05/06/2016;21;17;4;;3;14;22;17;63
06/06/2016;16;12;3;0,1;9;21;17;34;59
07/06/2016;18;14;3;0,2;4;19;19;25;60
08/06/2016;19;13;3;0,2;7;23;21;34;56
09/06/2016;15;10;3;0,2;7;25;17;36;55
10/06/2016;19;15;3;0,2;3;16;20;20;72
11/06/2016;14;10;3;0,1;2;9;15;12;84
12/06/2016;19;15;3;0,1;2;12;21;14;68
13/06/2016;13;10;4;0,1;6;22;15;31;58
14/06/2016;12;8;4;0,2;6;16;14;24;53
15/06/2016;10;5;3;;3;8;15;13;58
16/06/2016;5;3;4;;2;7;7;10;56
17/06/2016;9;6;3;;4;17;10;22;67
18/06/2016;11;9;3;;3;17;12;22;63
19/06/2016;7;5;3;;3;13;8;16;67
20/06/2016;8;6;4;;7;21;9;31;60
21/06/2016;8;6;3;;8;27;9;38;57
22/06/2016;9;6;4;;8;26;10;38;52
23/06/2016;8;6;4;;5;24;9;32;62
24/06/2016;16;11;4;;7;24;17;34;64
25/06/2016;13;11;3;;2;11;14;14;67
26/06/2016;16;10;3;;2;5;18;8;66
27/06/2016;15;10;3;;5;17;17;25;55
28/06/2016;14;9;3;;6;23;16;34;54
29/06/2016;15;10;3;;5;21;17;28;57
30/06/2016;18;10;3;0,1;7;23;21;34;50
01/07/2016;19;13;3;0,2;4;15;21;22;55
02/07/2016;20;14;3;0,2;2;13;22;16;51
03/07/2016;18;12;3;0,1;2;8;21;12;62
04/07/2016;15;9;3;0,2;5;16;17;23;51
05/07/2016;13;9;3;0,1;5;18;14;27;57
06/07/2016;14;10;3;0,1;9;28;16;41;56
07/07/2016;14;10;3;0,1;5;28;16;36;56
08/07/2016;15;10;4;0,1;7;28;17;38;56
09/07/2016;18;13;3;0,1;2;10;19;14;75
10/07/2016;19;14;3;0,2;2;14;21;16;73
11/07/2016;19;13;3;0,2;6;22;21;31;74
12/07/2016;25;18;3;0,1;5;17;28;25;60
13/07/2016;11;7;3;0,1;4;12;13;18;60
14/07/2016;11;6;3;0,1;4;15;13;21;59
15/07/2016;10;6;3;0,1;4;16;12;22;60
16/07/2016;13;9;3;0,1;3;13;15;17;60
17/07/2016;12;8;3;0,1;2;9;13;12;71
18/07/2016;14;11;4;0,1;4;21;15;27;60
19/07/2016;15;11;4;0,2;6;23;16;32;60
20/07/2016;22;15;3;0,2;5;28;24;36;55
21/07/2016;25;17;3;0,1;4;21;29;27;53
22/07/2016;25;16;3;0,2;6;17;28;26;56
23/07/2016;14;10;3;0,1;3;13;16;17;61
24/07/2016;13;9;3;0,1;2;13;14;17;67
25/07/2016;13;9;3;0,2;8;23;15;35;62
26/07/2016;25;19;3;0,2;8;22;28;34;63
27/07/2016;22;17;3;0,2;3;16;24;21;65
28/07/2016;14;11;3;0,2;5;23;15;31;61
29/07/2016;18;14;3;0,3;6;23;20;32;60
30/07/2016;24;15;3;0,2;3;20;27;24;56
31/07/2016;42;29;3;0,2;4;22;47;27;43
01/08/2016;16;9;3;0,2;4;10;19;16;57
02/08/2016;14;9;3;0,2;6;17;16;25;47
03/08/2016;13;9;4;0,1;4;15;15;21;53
04/08/2016;26;19;3;0,1;4;13;29;19;59
05/08/2016;15;8;3;0,2;4;17;18;22;42
06/08/2016;12;6;3;0,1;3;14;14;19;47
07/08/2016;11;7;3;0,1;2;10;12;13;59
08/08/2016;10;8;4;0,1;4;22;11;28;57
09/08/2016;9;7;4;0,1;7;24;10;34;66
10/08/2016;9;7;3;0,1;3;20;10;24;58
11/08/2016;15;11;3;0,1;9;22;16;35;51
12/08/2016;15;11;3;0,1;8;24;17;37;55
13/08/2016;13;10;4;0,1;2;13;14;17;66
14/08/2016;14;11;3;0,1;2;11;15;14;62
15/08/2016;10;8;3;0,1;2;8;11;11;64
16/08/2016;17;10;3;0,1;4;22;19;28;40
17/08/2016;23;12;3;0,2;19;28;27;57;47
18/08/2016;27;16;3;0,3;6;14;31;23;55
19/08/2016;43;29;3;0,2;7;17;48;28;49
20/08/2016;44;31;3;0,2;4;12;48;18;50
21/08/2016;14;7;3;0,2;2;8;16;12;60
22/08/2016;14;8;3;0,2;9;21;16;34;44
23/08/2016;14;10;3;0,2;6;20;16;29;45
24/08/2016;13;10;4;0,2;4;18;14;24;55
25/08/2016;8;6;3;0,2;3;18;9;22;62
26/08/2016;11;9;3;0,2;3;18;12;23;57
27/08/2016;13;11;3;0,2;3;13;14;17;55
28/08/2016;22;17;3;0,2;2;10;24;12;51
29/08/2016;20;16;3;0,1;3;11;22;15;57
30/08/2016;16;10;3;0,2;3;11;18;16;59
31/08/2016;12;7;4;0,2;5;17;13;25;54
01/09/2016;13;10;3;0,2;5;19;14;26;51
02/09/2016;17;14;3;0,2;10;26;18;41;44
03/09/2016;16;12;3;0,2;5;23;17;31;50
04/09/2016;16;12;3;0,2;4;27;17;33;49
05/09/2016;16;11;3;0,2;13;39;19;59;50
06/09/2016;27;21;3;0,2;10;26;29;42;63
07/09/2016;33;26;3;0,2;5;19;35;27;60
08/09/2016;16;13;3;0,2;5;19;17;26;52
09/09/2016;14;11;3;0,2;6;18;15;26;52
10/09/2016;17;14;3;0,2;2;10;18;13;63
11/09/2016;18;16;3;0,2;2;10;19;13;58
12/09/2016;14;12;3;;4;15;15;22;53
13/09/2016;16;13;3;;3;8;17;11;53
14/09/2016;5;4;3;;3;8;6;12;52
15/09/2016;5;4;3;;5;10;6;17;41
16/09/2016;5;4;3;;;;6;;40
17/09/2016;5;4;4;;;;5;;43
18/09/2016;3;2;4;;;;4;;47
19/09/2016;6;4;3;;;;6;;43
20/09/2016;9;7;3;;;;9;;50
21/09/2016;14;12;4;;;;15;;49
22/09/2016;22;19;3;;;;23;;49
23/09/2016;19;16;3;;;;20;;57
24/09/2016;11;9;3;;;;11;;54
25/09/2016;17;15;3;;;;17;;60
26/09/2016;15;13;3;;;;15;;48
27/09/2016;15;13;3;;;;16;;45
28/09/2016;11;9;3;0,1;2;9;12;11;68
29/09/2016;18;16;3;0,1;6;22;18;31;47
30/09/2016;19;17;3;0,2;3;18;19;23;42
01/10/2016;21;19;3;0,2;2;11;22;14;52
02/10/2016;22;19;3;0,2;2;8;23;11;57
03/10/2016;19;17;3;0,2;3;14;20;18;45
04/10/2016;15;13;3;0,2;3;13;16;18;49
05/10/2016;17;15;3;0,2;6;16;18;25;43
06/10/2016;19;17;3;0,2;6;14;20;23;47
07/10/2016;16;14;3;0,2;5;16;17;23;53
08/10/2016;16;14;3;0,2;2;11;17;14;47
09/10/2016;11;9;3;0,1;1;4;12;6;58
10/10/2016;10;8;3;0,2;;;11;;64
11/10/2016;17;15;3;0,2;;;18;;60
12/10/2016;15;13;3;0,2;;;15;;63
13/10/2016;11;10;3;0,2;;;11;;37
14/10/2016;6;5;3;0,1;;;7;;42
15/10/2016;13;12;4;0,2;;;13;;45
16/10/2016;13;11;3;0,2;;;13;;54
17/10/2016;20;18;3;0,2;;;21;;53
18/10/2016;19;17;3;0,2;;;19;;29
19/10/2016;23;21;3;0,2;;;23;;35
20/10/2016;17;16;3;0,2;;;18;;22
21/10/2016;12;10;3;0,1;;;12;;36
22/10/2016;26;23;3;0,2;;;26;;37
23/10/2016;27;24;3;0,2;;;28;;33
24/10/2016;15;13;3;0,2;;;16;;24
25/10/2016;22;18;3;0,2;;;23;;17
26/10/2016;21;13;3;0,2;;;23;;15
27/10/2016;20;15;3;0,2;19;34;22;63;23
28/10/2016;22;19;3;0,2;23;44;22;79;26
29/10/2016;26;23;3;0,2;15;37;27;60;28
30/10/2016;21;19;3;0,1;7;25;21;36;35
31/10/2016;26;23;3;0,2;9;37;26;51;41
01/11/2016;32;30;3;0,2;6;25;33;34;48
02/11/2016;23;21;3;0,1;28;44;24;87;24
03/11/2016;29;25;3;0,2;30;45;30;91;21
04/11/2016;30;26;3;0,2;26;46;31;85;15
05/11/2016;11;8;3;0,1;5;12;14;19;47
06/11/2016;3;2;3;0,1;3;9;3;13;57
07/11/2016;6;5;4;0,1;9;30;7;44;35
08/11/2016;5;3;4;0,1;4;18;5;24;44
09/11/2016;8;6;3;0,2;4;23;10;29;39
10/11/2016;12;10;3;0,2;25;46;13;84;23
11/11/2016;14;12;3;0,2;39;49;15;109;20
12/11/2016;16;15;3;0,2;13;36;17;56;24
13/11/2016;16;15;3;0,2;10;36;17;51;24
14/11/2016;11;9;3;0,2;23;41;12;76;23
15/11/2016;12;10;3;0,2;17;34;13;60;31
16/11/2016;14;13;4;0,2;20;35;15;65;29
17/11/2016;19;17;3;0,2;45;54;20;124;15
18/11/2016;24;22;3;0,3;46;50;26;121;16
19/11/2016;22;20;3;0,2;22;41;22;75;20
20/11/2016;14;13;3;0,1;4;16;15;22;44
21/11/2016;13;12;3;0,2;25;36;13;74;19
22/11/2016;6;6;3;0,2;12;30;6;48;27
23/11/2016;6;6;3;0,2;14;36;6;58;23
24/11/2016;8;7;3;0,1;10;26;9;41;30
25/11/2016;13;12;3;0,2;20;35;13;66;28
26/11/2016;10;9;3;;6;28;10;36;32
27/11/2016;5;4;3;0,2;4;16;5;23;46
28/11/2016;10;10;3;0,2;42;46;11;111;25
29/11/2016;14;13;3;0,2;6;29;14;39;24
30/11/2016;7;6;3;0,2;5;21;7;29;47
01/12/2016;13;12;3;0,2;37;35;13;92;32
02/12/2016;21;19;3;0,2;38;42;21;100;13
03/12/2016;21;20;3;0,2;8;22;21;35;22
04/12/2016;13;13;3;0,2;3;15;14;19;53
05/12/2016;9;8;3;0,2;3;12;10;16;58
06/12/2016;15;14;3;0,2;13;24;16;44;36
07/12/2016;21;19;4;0,2;36;41;21;96;17
08/12/2016;23;22;3;0,2;6;28;24;38;32
09/12/2016;21;19;4;0,2;28;46;21;89;19
10/12/2016;20;19;4;0,2;20;33;20;63;18
11/12/2016;17;16;3;0,2;23;28;17;63;16
12/12/2016;18;17;6;0,2;52;35;19;115;12
13/12/2016;24;22;4;0,2;40;40;25;102;11
14/12/2016;31;29;4;0,2;42;41;32;105;13
15/12/2016;27;25;4;0,2;43;40;28;106;11
16/12/2016;20;18;3;0,2;28;39;20;81;20
17/12/2016;8;8;3;0,2;3;8;9;13;65
18/12/2016;12;11;3;0,2;2;5;12;8;61
19/12/2016;10;9;3;0,2;4;16;10;21;48
20/12/2016;8;7;3;0,2;11;29;8;45;28
21/12/2016;9;8;4;0,2;38;39;10;97;22
22/12/2016;11;9;5;0,2;55;44;11;129;23
23/12/2016;17;15;4;0,2;54;48;17;131;10
24/12/2016;16;15;4;0,2;21;30;17;63;18
25/12/2016;13;12;3;0,2;12;20;13;39;22
26/12/2016;19;18;3;0,2;20;25;20;56;14
27/12/2016;25;23;4;0,2;50;36;25;114;13
28/12/2016;18;17;3;0,2;34;35;19;86;16
29/12/2016;17;16;3;;22;37;18;70;17
30/12/2016;24;22;3;;24;37;24;73;19
31/12/2016;31;29;3;0,2;10;27;31;42;28
01/01/2017;24;22;3;;5;18;24;26;29
02/01/2017;29;28;3;;37;38;30;96;14
03/01/2017;41;38;3;;52;44;42;123;7
04/01/2017;26;24;4;;40;38;27;100;15
05/01/2017;18;16;3;0,1;29;42;18;86;14
06/01/2017;18;16;3;0,1;12;25;18;43;28
07/01/2017;26;25;3;0,1;15;27;26;50;19
08/01/2017;25;24;4;0,2;16;24;25;49;20
09/01/2017;24;23;3;0,3;25;36;25;74;16
10/01/2017;15;13;4;0,2;19;21;16;49;33
11/01/2017;8;7;4;0,2;28;34;9;76;36
12/01/2017;12;11;3;0,2;27;21;13;63;22
13/01/2017;9;9;3;0,1;4;11;10;17;47
14/01/2017;3;2;3;;2;2;3;5;65
15/01/2017;3;2;3;;2;2;3;5;63
16/01/2017;3;2;3;;4;8;4;15;56
17/01/2017;4;3;3;0,1;5;13;4;19;52
18/01/2017;10;9;3;;6;26;11;36;36
19/01/2017;11;9;3;;3;17;12;22;48
20/01/2017;4;4;3;;4;19;5;25;51
21/01/2017;6;6;3;;2;3;7;6;68
22/01/2017;8;7;3;0,1;3;9;8;13;58
23/01/2017;10;9;3;0,2;16;36;10;61;29
24/01/2017;17;16;4;0,3;40;49;18;109;14
25/01/2017;17;16;3;0,3;21;40;18;73;22
26/01/2017;30;28;3;0,2;25;39;31;78;25
27/01/2017;23;22;3;0,2;9;29;23;42;40
28/01/2017;7;6;3;0,1;9;16;7;29;49
29/01/2017;10;9;3;0,2;4;15;10;21;36
30/01/2017;16;15;4;0,2;27;37;16;79;19
31/01/2017;27;26;3;0,1;41;35;27;97;14
01/02/2017;27;26;3;0,1;27;43;28;84;14
02/02/2017;11;10;3;0,2;6;27;11;36;35
03/02/2017;6;5;3;0,1;3;9;6;13;58
04/02/2017;5;5;3;0,1;2;2;6;5;65
05/02/2017;3;2;3;0,1;;;3;;73
06/02/2017;4;3;3;;6;18;5;26;56
07/02/2017;6;5;3;0,2;4;14;6;20;43
08/02/2017;6;4;3;;3;3;8;5;73
09/02/2017;8;7;3;;7;26;9;37;54
10/02/2017;10;9;3;;10;30;11;45;40
11/02/2017;9;8;4;0,2;3;10;9;14;63
12/02/2017;8;7;3;0,1;3;13;8;17;60
13/02/2017;8;7;4;0,2;8;25;9;37;42
14/02/2017;11;10;3;;18;33;11;61;30
15/02/2017;20;18;3;;13;30;20;49;28
16/02/2017;22;21;4;0,2;24;36;23;73;22
17/02/2017;22;21;3;0,1;23;32;22;68;24
18/02/2017;26;24;4;0,3;12;25;26;43;33
19/02/2017;23;22;3;;4;20;24;27;55
20/02/2017;22;21;5;0,3;22;31;23;65;34
21/02/2017;17;16;3;0,3;17;35;18;62;34
22/02/2017;22;19;3;0,3;38;49;23;106;20
23/02/2017;19;16;3;0,2;22;40;22;74;18
24/02/2017;21;20;3;0,1;22;37;22;70;13
25/02/2017;13;12;3;0,1;9;20;14;34;37
26/02/2017;24;22;3;0,1;5;20;24;27;33
27/02/2017;16;14;4;0,1;6;15;18;25;42
28/02/2017;5;4;3;0,1;3;10;7;14;56
01/03/2017;8;7;;0,2;8;22;9;34;40
02/03/2017;19;17;;0,1;18;31;19;58;28
03/03/2017;21;20;;0,2;19;21;22;50;41
04/03/2017;3;3;;0,1;3;6;3;10;67
05/03/2017;5;5;;0,2;3;3;6;7;54
06/03/2017;4;3;;0,2;8;15;5;27;45
07/03/2017;6;4;;0,2;17;20;7;46;44
08/03/2017;8;7;5;0,2;18;33;9;61;34
09/03/2017;14;12;;0,2;21;43;16;75;26
10/03/2017;19;16;;0,2;13;36;22;56;38
11/03/2017;29;28;7;0,2;11;32;29;49;30
12/03/2017;19;18;;0,1;7;20;20;31;50
13/03/2017;5;5;;0,2;4;13;5;18;60
14/03/2017;16;15;6;0,1;7;23;17;33;59
15/03/2017;24;23;;0,2;13;28;25;49;48
16/03/2017;28;26;;0,2;9;35;29;49;41
17/03/2017;18;17;6;0,1;7;25;19;35;51
18/03/2017;18;16;5;0,2;6;26;18;35;54
19/03/2017;25;23;8;0,2;6;27;26;36;46
20/03/2017;21;19;6;0,2;11;26;22;42;47
21/03/2017;19;18;5;0,2;9;24;20;38;51
22/03/2017;8;7;5;0,1;4;15;9;22;53
23/03/2017;3;2;4;0,1;4;6;4;11;75
24/03/2017;5;4;5;0,1;5;18;5;26;59
25/03/2017;6;5;4;0,2;4;15;7;21;62
26/03/2017;7;6;4;0,1;4;12;7;19;62
27/03/2017;4;4;4;0,1;6;13;5;22;65
28/03/2017;8;7;6;0,1;12;27;8;44;38
29/03/2017;8;7;5;0,1;6;23;9;32;54
30/03/2017;7;6;5;0,1;11;27;8;44;43
31/03/2017;8;7;4;0,2;10;29;8;44;48
01/04/2017;7;6;5;0,1;6;24;8;33;41
02/04/2017;3;2;4;0,1;4;13;4;19;56
03/04/2017;3;3;4;0,1;6;22;4;32;48
05/04/2017;7;6;;0,2;;;8;;42
06/04/2017;8;7;5;0,2;;;9;;52
07/04/2017;10;9;5;0,1;10;42;11;58;47
08/04/2017;10;9;4;0,1;6;28;11;37;66
09/04/2017;9;8;4;0,1;5;23;9;31;61
10/04/2017;9;8;4;0,1;16;40;10;63;48
11/04/2017;9;7;3;0,2;13;47;11;67;46
12/04/2017;;;3;0,1;11;43;;59;59
13/04/2017;;;3;0,1;8;44;;57;58
14/04/2017;;;3;0,1;4;28;;35;78
15/04/2017;;;3;0,1;4;31;;36;70
16/04/2017;;;3;0,1;3;19;;22;71
17/04/2017;;;3;0,1;6;23;;32;56
18/04/2017;;;3;0,1;8;29;;41;62
19/04/2017;;;3;0,1;5;30;;38;77
20/04/2017;;;3;0,1;4;28;;34;80
21/04/2017;8;5;3;0,1;7;35;9;45;71
22/04/2017;6;5;3;0,1;3;28;7;32;80
23/04/2017;8;6;3;0,1;3;26;9;31;77
24/04/2017;9;7;;0,1;4;28;10;34;76
25/04/2017;17;11;;0,1;12;52;19;70;50
26/04/2017;15;10;;0,1;13;29;17;49;59
27/04/2017;7;5;;0,1;7;39;7;50;45
28/04/2017;8;6;;0,1;5;33;9;40;58
29/04/2017;8;5;;0,1;3;30;9;35;69
30/04/2017;6;5;;0,1;2;11;7;14;73
01/05/2017;3;2;;;2;15;4;17;82
02/05/2017;7;3;;;7;29;8;39;70
03/05/2017;9;5;;;11;31;11;47;66
04/05/2017;8;5;;;9;34;10;47;59
05/05/2017;13;7;;;5;28;15;36;72
06/05/2017;4;2;;;2;16;6;19;79
07/05/2017;7;4;;;4;27;8;33;65
08/05/2017;8;4;4;;9;32;10;45;73
09/05/2017;9;6;4;;8;27;10;39;75
10/05/2017;9;5;4;;7;28;11;39;70
11/05/2017;6;4;4;;2;17;8;20;75
12/05/2017;3;2;4;;2;13;4;17;73
13/05/2017;4;2;4;;2;12;5;14;73
14/05/2017;4;3;4;;2;19;5;23;73
15/05/2017;8;5;4;;12;39;10;57;56
16/05/2017;9;6;5;;17;53;10;80;41
17/05/2017;6;4;5;;9;42;7;55;57
18/05/2017;8;5;5;;12;46;9;63;55
19/05/2017;5;4;4;;7;28;6;39;62
20/05/2017;5;3;4;;4;21;6;27;73
21/05/2017;6;4;4;;3;19;7;23;70
22/05/2017;7;4;4;;9;26;8;40;70
23/05/2017;7;5;5;;9;29;8;44;61
24/05/2017;8;5;4;;10;35;9;50;57
25/05/2017;7;5;5;;9;39;8;53;64
26/05/2017;7;5;5;;11;33;8;49;73
27/05/2017;11;8;4;;3;23;13;28;76
28/05/2017;10;8;5;;3;17;12;21;81
29/05/2017;8;6;5;;6;27;9;36;75
30/05/2017;11;8;5;;8;34;12;46;66
31/05/2017;18;14;3;;6;31;20;40;66
01/06/2017;24;19;4;0,2;16;38;26;63;55
02/06/2017;25;17;3;0,1;8;31;27;44;54
03/06/2017;26;18;3;0,1;3;22;28;27;60
04/06/2017;19;12;3;0,1;2;17;21;20;59
05/06/2017;7;5;;0,1;7;27;8;38;54
06/06/2017;8;6;3;0,1;10;35;9;51;56
07/06/2017;8;4;3;0,1;6;28;9;38;56
08/06/2017;10;5;4;0,1;7;26;11;36;57
09/06/2017;10;6;3;0,1;6;27;12;37;58
10/06/2017;8;5;4;0,1;5;33;9;41;50
11/06/2017;6;4;3;0,1;4;27;7;33;56
12/06/2017;6;4;;0,2;13;35;7;55;52
13/06/2017;7;5;;0,1;9;42;8;56;54
14/06/2017;8;5;;;8;43;9;55;64
15/06/2017;10;7;;0,2;8;43;11;55;62
16/06/2017;12;9;;0,1;7;34;13;44;64
17/06/2017;11;8;;0,1;5;29;13;37;68
18/06/2017;8;5;;0,1;3;17;9;23;86
19/06/2017;10;7;;0,1;7;29;11;40;68
20/06/2017;10;7;;0,2;8;34;12;46;65
21/06/2017;6;4;4;0,1;7;33;7;44;61
22/06/2017;7;4;3;0,1;11;39;9;55;55
23/06/2017;9;5;3;0,1;8;33;11;44;68
24/06/2017;12;7;3;0,1;3;19;13;22;69
25/06/2017;11;7;3;0,1;2;11;12;13;67
26/06/2017;10;6;3;;5;26;11;33;61
27/06/2017;9;5;3;;6;34;11;44;56
28/06/2017;4;2;3;;1;9;7;11;62
29/06/2017;4;2;3;;1;10;6;12;83
30/06/2017;4;2;3;0,2;4;22;5;28;71
01/07/2017;4;2;3;0,2;2;18;5;20;63
02/07/2017;4;3;3;0,2;2;17;5;20;56
03/07/2017;5;3;4;0,1;9;28;6;41;52
04/07/2017;4;3;3;0,2;9;27;5;41;50
05/07/2017;5;3;3;0,1;6;26;6;35;52
06/07/2017;8;5;3;0,1;5;32;9;39;53
07/07/2017;13;7;3;0,1;5;30;15;37;54
08/07/2017;10;6;3;0,2;1;18;12;19;72
09/07/2017;8;5;3;0,1;2;20;9;22;89
10/07/2017;12;7;3;0,1;6;27;13;36;71
11/07/2017;12;7;3;0,1;4;23;13;29;68
12/07/2017;12;8;3;0,1;7;33;14;44;55
13/07/2017;13;9;3;0,1;7;26;15;36;52
14/07/2017;10;6;3;0,1;4;16;12;22;55
15/07/2017;9;5;3;0,1;3;14;11;18;63
16/07/2017;7;4;3;0,1;3;17;9;21;65
17/07/2017;7;4;3;0,1;5;20;9;27;70
18/07/2017;8;5;3;0,1;4;17;10;23;79
19/07/2017;11;6;3;0,1;3;15;13;20;74
20/07/2017;15;8;3;0,1;5;20;18;28;60
21/07/2017;12;7;3;0,1;4;16;14;21;66
22/07/2017;12;7;3;0,1;3;15;14;20;57
23/07/2017;11;6;3;0,1;2;9;12;11;62
24/07/2017;9;6;3;0,1;6;21;11;30;54
25/07/2017;4;2;3;0,1;4;17;5;23;52
26/07/2017;6;3;3;0,1;5;21;7;29;62
27/07/2017;10;5;3;0,1;8;27;12;39;58
28/07/2017;11;6;3;0,1;4;19;12;24;54
29/07/2017;9;6;3;0,1;4;15;10;20;54
30/07/2017;8;6;3;0,1;2;14;9;17;55
31/07/2017;10;6;3;0,1;3;11;11;15;61
01/08/2017;15;10;3;0,1;4;25;18;31;51
02/08/2017;16;8;3;0,1;6;35;19;44;39
03/08/2017;14;6;3;0,1;7;37;18;48;49
04/08/2017;22;;3;0,2;6;31;27;40;55
05/08/2017;25;;3;0,1;4;22;28;28;58
06/08/2017;18;;3;0,1;3;11;22;15;55
07/08/2017;21;8;3;0,1;6;20;25;29;50
08/08/2017;19;9;3;0,1;8;21;23;34;56
09/08/2017;12;5;3;0,1;3;11;16;16;71
10/08/2017;5;3;3;0,2;4;17;7;23;61
11/08/2017;9;4;3;0,1;5;20;12;27;59
12/08/2017;11;6;3;0,1;3;14;14;18;69
13/08/2017;12;6;3;0,1;3;12;15;16;68
14/08/2017;13;7;3;0,3;4;17;15;23;60
15/08/2017;14;8;3;0,1;3;12;17;16;61
16/08/2017;25;11;3;0,1;4;16;31;22;56
17/08/2017;23;11;3;0,1;4;14;28;20;67
18/08/2017;19;10;3;0,1;4;18;23;24;63
19/08/2017;18;6;3;0,1;3;12;23;17;62
20/08/2017;20;6;3;0,1;3;15;26;20;54
21/08/2017;17;5;4;0,1;7;23;23;33;52
22/08/2017;20;8;3;0,1;10;26;26;41;53
23/08/2017;16;7;3;0,1;7;23;20;34;54
24/08/2017;16;8;3;0,1;5;22;20;29;60
25/08/2017;19;11;4;0,1;5;25;23;32;61
26/08/2017;27;16;;0,1;4;16;32;22;57
27/08/2017;28;17;;0,1;4;15;33;21;56
28/08/2017;25;16;;0,1;7;29;29;40;39
29/08/2017;17;9;11;0,2;7;28;20;39;36
30/08/2017;13;7;5;0,2;6;25;15;34;46
31/08/2017;14;8;3;0,2;8;27;17;39;49
